index,participant.label,RSversion,RSversion_verbose
0,d93e67e775756fac85238df5ba73ddc5,5,Word2vec
1,b8035292194ba13ee4d83ec2fae8a519,7,Transformer
2,a49910bd2eadac8d1b470c8837c14ced,4,Tfidf
3,4992eb980c1e53d8eebbc587cccc7bec,3,Tfidf_neu
4,75e62dbc0b1a7990e8c9e1f000155644,7,Transformer
5,4e29c858fef3646b91ed6efc2c314441,3,Tfidf_neu
6,55253304d443425400292cc3b6e5c138,5,Word2vec
7,61aae71ca5608fd0e7f6580a22a4a1ea,4,Tfidf
8,560fa9f4d8d72ec856b0cd285294c7ff,6,Random
9,fdebf1970718084b125fb1c474c887fd,1,Tfidf_pos
10,5b197f86527094dc3773dd6f54bec515,2,Tfidf_neg
11,2c3322098d9be532f900953608d60810,5,Word2vec
12,76d3da9c1a79b8e4437c29699c6e00c6,3,Tfidf_neu
13,2f5d054298d588f915bfdac53fe54a39,5,Word2vec
14,4eec200d762dede832ca0cd3042780ea,6,Random
15,fbe8fc0c813928bd6a1aa0bf6d4afdc1,7,Transformer
16,69b659ff797c7f1c4e580da5db553f9a,1,Tfidf_pos
17,ff522dce7b0efc6941bd05226f8f8f27,5,Word2vec
18,9ff880560d3466d0ffa7fb92e35cc8df,2,Tfidf_neg
19,c33a4719284926d61142dfcccdc8adf3,3,Tfidf_neu
20,1d7610967ecea80742d7eccca1e34cc5,1,Tfidf_pos
21,9187ccef141cdf837b1065aa336d45bc,2,Tfidf_neg
22,d063a0dc62076d097641c1e8cadde14b,5,Word2vec
23,8ab4860fa2476f21fe47dc1f29219f7f,4,Tfidf
24,19f2a6bd099e0004e97349d1f2afd1a5,5,Word2vec
25,c753b63efe95fbcb11f18c5db418d601,4,Tfidf
26,0c72f220c3c1faa6aed0a5ab9d7284d6,3,Tfidf_neu
27,7ae17bee48f2843b098d45dfe7025c1d,7,Transformer
28,3aecae97ba22671f58910d739db95d6b,2,Tfidf_neg
29,f6bf6365cd6d8d192d704f9c36f8bc3a,3,Tfidf_neu
30,5ae23c193b80f5abe6ff1417144146c9,6,Random
31,8edf85e9d55cbd9abb57478f28e35b28,4,Tfidf
32,0a255304b879d8a54c24ba5c2cfb5b5a,7,Transformer
33,6b7e17075ae693cae65b8dcdb82e6b1e,4,Tfidf
34,ad379ce2020954a38cb46c6759fa15e6,4,Tfidf
35,e5052a76afcecaa6b7d38bbfdfcbe112,3,Tfidf_neu
36,c7a13b847b34b3711d53550c08872b13,4,Tfidf
37,cd488d4f084ee23aae55b7baaafaf3fd,3,Tfidf_neu
38,6db618e02f4444b6824842a905d1c0dc,7,Transformer
39,100cd74a8699e47ea24b1593ec78fc37,6,Random
40,1b7381b024f0170b3beb6779ec46bfd7,1,Tfidf_pos
41,60d1ef3408fb6725c6b1569e22390151,1,Tfidf_pos
42,1772a8f062f4714d56cec0ed7d2d1c7e,4,Tfidf
43,1103fcfa494662209d4af351f5c39f13,5,Word2vec
44,72eda4cf571d6c7e4f8e059fd56487f0,6,Random
45,5cce63a4e3755f21e8a02faaac474649,1,Tfidf_pos
46,18ba3621514525bee4ea62bcda72f493,7,Transformer
47,842dc1ed728a03690e982e9c7575e155,7,Transformer
48,48926b5fc0c74c24bdb39873ba73f300,6,Random
49,ddb869497fae22a12d840cc2636816cf,6,Random
50,176cf6e05244c182085ccaa68f43d8a4,3,Tfidf_neu
51,5ea180d43b0d31ec6a9e15f0881b59a3,1,Tfidf_pos
52,746270c3989b79db1e4be9363103ba55,1,Tfidf_pos
53,ce80d4b1598f40cfaa76035cef3240df,7,Transformer
54,9856913ac31cc7b1b9b1655cb85ae0d1,1,Tfidf_pos
55,e5885a2e63c152350d1e46e453e0e1c5,6,Random
56,f76138b0872fd7283a31a97f6293ace5,1,Tfidf_pos
57,df74e00b5c1c2e69b3b7a31b1ed75512,4,Tfidf
58,9e4d2fd606c608a5566616a10c4f398f,6,Random
59,c3dc7ffdf6415a83b7503f356e9e3dd2,4,Tfidf
60,4ec8aafb98dfc48f9a7e9bd16db30d4d,2,Tfidf_neg
61,b2d470c55ee7c310512dbb7dd050f868,7,Transformer
62,be0ffb5453033058bab0decb8eef79ec,1,Tfidf_pos
63,d79f5f48e5087e20d661255619d61404,7,Transformer
64,919439b9b43885ec270f77c6205fe8c1,1,Tfidf_pos
65,c8388bd3088e29639fa80da5f5314704,1,Tfidf_pos
66,f2ab9e224f747baf0b9f0be11a25c3dc,6,Random
67,ea8444f9a1794a0b98f3ed37354e3985,2,Tfidf_neg
68,83ac05daddcc0f42ab74a416ae87065d,6,Random
69,8252ee8d4d56af11a268d4a9f33bd242,4,Tfidf
70,dcca6aac8426461b146d78e0a44463ba,1,Tfidf_pos
71,c41a12a7258d59b4f90bfd4941cd5ea5,2,Tfidf_neg
72,56abb3c79d085a6f10fbc774000a8fd8,4,Tfidf
73,048d816c6a7680f2c65707e2d9febfe9,3,Tfidf_neu
74,93b9407d2637ad2e67973c39f203a12a,1,Tfidf_pos
75,2e8b12beccbfaf497e65b60ee0fa5c36,1,Tfidf_pos
76,7dde8cc815371c8ef4586659154867a1,7,Transformer
77,8b46edb9f5140c6a95fdc2f3fa1bf365,7,Transformer
78,90c6342df1677aeda6da156569e713de,5,Word2vec
79,181d45cd6d8e664a738fcc21019642c3,2,Tfidf_neg
80,fd18ec74319d0cbb51627e77e8ea84aa,1,Tfidf_pos
81,972d121b83ced1de05a0e7454c6ca662,1,Tfidf_pos
82,9b0c11d7d8004f4edc6dbf133a384381,6,Random
83,2aa1b565227460c39356e2fbbbca8f0e,7,Transformer
84,d5d8e153c20acf12828f3aaed055efd4,1,Tfidf_pos
85,7ef74b6c65b9092e84df9073bcff7b3c,4,Tfidf
86,550f9774da23c4a565ccf5a95e2051c4,2,Tfidf_neg
87,8f2e6bba83344a2872da910f8859e4d1,5,Word2vec
88,ee1084a92da4e4c1e9805d029f2d9c55,4,Tfidf
89,2135b76ae3147e0bebc875949afb2d45,3,Tfidf_neu
90,7b89bdeb9566cfa4410b5343e1134686,5,Word2vec
91,fd5c9a2c4d6d34909285dc056e18ce41,6,Random
92,f36397df5e22b00dc0dfdebaea1325b7,1,Tfidf_pos
93,ee37f7b2ce4ef0d9e8253c6f284c49da,4,Tfidf
94,d836fb1296e81c31799cc0745e5cc2a6,6,Random
95,15360e04f0941052ef4a7bfdbdc92641,4,Tfidf
96,3fe21209ad48aeaf2a9ee5ba9d3e3777,5,Word2vec
97,efee33e5c100947b5d54e2b010f4343a,7,Transformer
98,2cee990e2a758d3fc71b227c74f1ea60,2,Tfidf_neg
99,7f36a7a8039f4f18b887332d1a718da9,1,Tfidf_pos
100,5bdcda0baef1672470fac00af5faa75b,1,Tfidf_pos
101,ecfa0887a5f8534f8a7e66d850b1b0f6,5,Word2vec
102,ff7718ab128a044d14c434b58781e262,7,Transformer
103,836bb48429f9fdf194de7d8192b6ad07,3,Tfidf_neu
104,6818fe333cbb781f248d371ac8f95f50,3,Tfidf_neu
105,6affd06dd70523d74eb9156adc824fc8,5,Word2vec
106,91054a21c1cba3934aa2d07161c7f835,5,Word2vec
107,d9606d635ef2475113b2d07538b39f44,3,Tfidf_neu
108,fff825a3a47063ab0f7e8e4d19d8d20b,3,Tfidf_neu
109,d0f3938f78e17ee8ba0ae4a8e477d698,1,Tfidf_pos
110,9ca48cb6c9541c93a1b4d1d732b74b61,4,Tfidf
111,d74192144573f0fb8ba9c3b40df13be8,4,Tfidf
112,880b5e4980d9c8e29115f77898ff1150,4,Tfidf
113,d2b6f6da32c0fe0cc8049f1b5e7fb055,7,Transformer
114,1d1a7855406382da080c3c406617d970,3,Tfidf_neu
115,1698876b0c6d02a70032efa1f4a87c53,6,Random
116,f33ff80fc76a024362b1a998952230d2,7,Transformer
117,85d11beb3546aa06032f0ad7bd222820,5,Word2vec
118,b465fa64460eb20928846cb45976c7e7,7,Transformer
119,14c96b7a214334b3f6cf41fbc5e007d9,5,Word2vec
120,1fb40d6b039261eedba9acee75c3c460,7,Transformer
121,316f5533a1573b89cdf6f5300d69b718,6,Random
122,bf1c773ce8223596da98ec1ec1f53cc1,1,Tfidf_pos
123,65153be960531dcbc1ff34bdef3f80da,3,Tfidf_neu
124,dfd9bdce703489b07ae1976a96f34623,4,Tfidf
125,d22f9d65b82358dbce2187a4e432fd74,2,Tfidf_neg
126,92353f85e6d971e0517212ec05e21957,4,Tfidf
127,95a21028a8973d955f12de2e3fa243d4,4,Tfidf
128,17f4c267145cd733c1a7370e46289086,5,Word2vec
129,b62d318d002bc6f1dc2f3311889b79cc,7,Transformer
130,eea5e16512890d4ffecf91bb9ca4198c,4,Tfidf
131,fdd0804bafe892054ad1bf4f131f1932,4,Tfidf
132,5ea9396cc5339d40e16d78f4c652c24e,4,Tfidf
133,4f3a4fef91d449355f3eae9eb6cfa62a,6,Random
134,26555e73a98835e9e1c14914df2fa63c,4,Tfidf
135,362827e95e7ec89ce94ca3e6d2251b86,2,Tfidf_neg
136,9ccf3d69530d2fbe285a1e6e4adad916,5,Word2vec
137,e7f7db17f5006029bd46c9d6f5e5019a,4,Tfidf
138,0f2ba3387497aa4e0916c083ed97e7fd,1,Tfidf_pos
139,fffa894e11ccc97a3431cbac11d9d610,1,Tfidf_pos
140,e66c142a2bc57536fa94ea75b4e1f827,2,Tfidf_neg
141,8f9d67388bd41aa8a71c98ac99faf7e3,3,Tfidf_neu
142,0d9a3452cf4a5ec13b25e17f0fa96614,2,Tfidf_neg
143,5e1b45602f91017c415a2b3e3614fed0,3,Tfidf_neu
144,0f3398063bed49aa1023b526328e687b,1,Tfidf_pos
145,ed11f0537d8e1e77cf9a1329c2776aa9,3,Tfidf_neu
146,2639e79b2d805483b595c47dba8eddb0,6,Random
147,41d2ed6bc90b950f4f171f26543659c8,1,Tfidf_pos
148,d5b35a59afd92b88378c5d1037434ebd,5,Word2vec
149,cf48ae1dc2620ad333989d4710c807df,5,Word2vec
150,101c0cde2b76d74a948601a0d3142ddc,3,Tfidf_neu
151,85cf765c7c17062f7289f51db892a602,4,Tfidf
152,8b7f60ef44c071351908fec074ec804f,2,Tfidf_neg
153,86fa733bc69f57cc374bd575f12c7c4b,5,Word2vec
154,ed692f238f334b3ebd3f1f2d07ac4398,7,Transformer
155,11ae3f1946e598a362610cff60c6057d,5,Word2vec
156,232e6249885ede660ce25eff341749c5,3,Tfidf_neu
157,534d91477fad4c5ea612543e96901d99,7,Transformer
158,6fed0bd5a811271fe7677569ebd3261f,5,Word2vec
159,37894fb56edb2ee874d7bb3e3df013d3,1,Tfidf_pos
160,109f7cfd4c01d39b91903ec32e33a08a,3,Tfidf_neu
161,50b63435fdc71e96a00733ff934456c2,7,Transformer
162,9e1a81206f8754b755beca673f3afb92,4,Tfidf
163,8f0bdfee945005c8204ea017d93d90ed,7,Transformer
164,3db756a73fe1037034dd4185b2c825bc,1,Tfidf_pos
165,4b16db20262edf2ce78848b486ed4f43,2,Tfidf_neg
166,edf0e16e88acd21b553b42b5d7971cfc,2,Tfidf_neg
167,f1d0a1772923fbbcf4e58542281fd075,3,Tfidf_neu
168,59e6bfd642cb71ce63364ab325ea3bc7,3,Tfidf_neu
169,64b03505c8cbb4fdef300c4bcc6966cc,3,Tfidf_neu
170,25b43a028977dff7546a0c5f23ec7b9d,7,Transformer
171,202ea100a05148f4fefda9f4ea21ef33,5,Word2vec
172,bc3eff07785ada7a84b1715ace60a61d,1,Tfidf_pos
173,a4bcc445a1b69088497efd7747fb56f7,7,Transformer
174,449300e51d10ccbe6d832b8b726291fa,2,Tfidf_neg
175,1b5378d4845dbb877a7d6083e8dea090,1,Tfidf_pos
176,194f6439459ca93b838104a918812f69,7,Transformer
177,782946b743da364f5162d36b84b00a30,1,Tfidf_pos
178,839c152a25df637e3284ae7f03791dc7,5,Word2vec
179,8a9526d4190226b8e7860040cb4399d7,5,Word2vec
180,58bc8a6fcd51b28c03c40223ba8cf463,1,Tfidf_pos
181,37fd00506c065b23f339fa4a39340ca4,3,Tfidf_neu
182,4c8f4f3d61103232d736d21cc95ac091,1,Tfidf_pos
183,7ed17a240f7584fe145242fddde8bd88,7,Transformer
184,56bf1eeaa1517f1d1d8480cc8a3f8ce5,5,Word2vec
185,98411c90dbfbcf5b4ed0e93781e39e46,6,Random
186,834c49b5b8b73f57348d931b27f799e8,1,Tfidf_pos
187,99e9bf7ed5f39545379845c5b6d9ec3b,2,Tfidf_neg
188,8b7f15d434e0169b8eefa2d83db28bbd,7,Transformer
189,53ec97bceaadec1e5dff88f27afa5b7b,3,Tfidf_neu
190,d3a068ebdd73a4ea9e6a1268a031fdf0,3,Tfidf_neu
191,2b46156f849a2fc34d9b77c1d2240372,6,Random
192,36d34a06b01039073d7ef4e15f61fe85,2,Tfidf_neg
193,b1caae4eca62e6b9fc2a538735b179f5,2,Tfidf_neg
194,d05e5cc38bd760b14160200afaa3d0e5,6,Random
195,8da5e490dfc66f9d971c53b264927336,3,Tfidf_neu
196,66aa8701ce0bafece830912e68c81b63,3,Tfidf_neu
197,1512d30e26db4554229570722a90ad38,5,Word2vec
198,366c69c20ce3fc56c17da05233a095cd,6,Random
199,e4fea4db1ee549396353db884ee448ce,3,Tfidf_neu
200,e492dbffe926624cc2e3602faa15ad50,5,Word2vec
201,d80d9c686f45aabaec7a97ee0198ecf9,6,Random
202,b2136c9d7235f40117fdb6d590141b81,2,Tfidf_neg
203,7a85fad035d52a6c2432608c7ff653bf,4,Tfidf
204,a1168e36a7d4ad4f5588569a5084190d,7,Transformer
205,e6984ebaec8ad95a0a25ef5101e5c246,2,Tfidf_neg
206,5f2554a8d7780660d560714b0fe20a7e,6,Random
207,f074aa98b172184c5cd590ecd256a220,6,Random
208,279f4130d925e3d6fa4c0c305148cd34,7,Transformer
209,8421d2912d500c1a6964e3f884d0b4d7,1,Tfidf_pos
210,3b8d151c0a9dd18b8459e4574cda56b1,2,Tfidf_neg
211,77a1182becce431829203028d38e54bb,1,Tfidf_pos
212,edb0874743f6d7d46feda3374bbe1199,1,Tfidf_pos
213,7086598073b90bead2aaccf209d989c4,1,Tfidf_pos
214,434e640732c16f4e40c2bb52adca4e9c,1,Tfidf_pos
215,e991bf0a5d17585db77ff036c3e912b5,1,Tfidf_pos
216,512135e708f8f43e9d75639d0d731e3c,1,Tfidf_pos
217,92fa96033e7cef239db83aa8927eb65d,1,Tfidf_pos
218,b63b780f7a3ea02e216439840d92a188,2,Tfidf_neg
219,267ba847b07d82c3a4914ea84ac4b9cb,6,Random
220,227ab117388139739569ba61ce6ce5d0,6,Random
221,83f951f20f271d13b3d63bf98ab19c89,2,Tfidf_neg
222,0a628a7c4909784a264eef7e78a8d87f,1,Tfidf_pos
223,fc370e19410614078812d8b375e01974,4,Tfidf
224,3803779350d260d4f37d98536b36ddad,7,Transformer
225,3df3d1fbbf7b863ea378a3355d7e00a7,7,Transformer
226,f945f10cdd008c8866319ad1ac96fef7,4,Tfidf
227,d827a7f7cfab891451cad6101f2bc630,7,Transformer
228,cff6d6c515c8fa81398bc01b687f8dde,3,Tfidf_neu
229,6984cfc5545d643d434152539f501543,6,Random
230,7b3652f23a41a4991d4c1412f867416d,2,Tfidf_neg
231,3a28248217f8ec912a536a53e3652b2c,5,Word2vec
232,ae99d8b78e349ce0b7a2d793730ac446,6,Random
233,c0593d7e27f762a1d0f3f88b216aa402,4,Tfidf
234,3e74e3e6a727c0d1de73e2fc35e7f9e2,2,Tfidf_neg
235,45e93617997e5bde099ec206a03c234c,3,Tfidf_neu
236,ce8728a7e435f497e9646a6386fe704c,2,Tfidf_neg
237,087eafea557a26623b94e4d0cff603d0,7,Transformer
238,e61ed43d391c39076d5887d7067fe2af,5,Word2vec
239,d94682f27cc8e3f207c7afd847a91746,7,Transformer
240,3b18498e1171615c5f13493161cf638b,6,Random
241,7049825d45c6e4560e3ffc79f735e767,4,Tfidf
242,b7ba59ef5e04a82fbc3ad6a82286828f,6,Random
243,484782983d83d6a56ca280038ccad954,3,Tfidf_neu
244,c4ed007ab6ef0f37b163c8b37650a2d3,7,Transformer
245,81c407a082bdcfa0253271a8aa6fcf0a,4,Tfidf
246,11740d28b01b0ee48c4946e54e833fed,3,Tfidf_neu
247,544a67c5733e3fbbbdcd2e1d9d0f941e,6,Random
248,0ff868892ce581daee334acf0ee7361d,7,Transformer
249,f61c56c32e5225247c11ad6b80ca81aa,5,Word2vec
250,839aaf21875a63a40715b6566a4e99db,5,Word2vec
251,604c8274016d8b595f43d45bd283de00,7,Transformer
252,1ef7cf6f23f4d9293ea51ce3c2394ca4,4,Tfidf
253,3884935a226fd3f4b8f245506db38c1a,7,Transformer
254,a0955f1300e1c828e465c0f0eca8c5ff,4,Tfidf
255,b2ee45f079f43d2b8d8f4f26662bfcf7,2,Tfidf_neg
256,d3cf635e0a187db8c9389e57be29760e,2,Tfidf_neg
257,063a673ca481ba1e0dc6aad8da23da1e,5,Word2vec
258,968fa4afe264d3b9af74930aeb93dc2d,6,Random
259,f00db08f9c34bf2e4d62f8ae445a45f4,2,Tfidf_neg
260,3ad4e37de78611dc76bdc5138b96bb26,6,Random
261,d8bfa0981e8a7df84d1fb53dde925b67,7,Transformer
262,94a6b8805af7ee63a9df81128b843bbc,4,Tfidf
263,5357dce9dd4f52702154d5f80e9230dc,6,Random
264,9d345894b255e5fc7dcef1b5930d0913,1,Tfidf_pos
265,67b952c229b2f29add346d6e49c454b0,2,Tfidf_neg
266,a10cc577982d84e0931a5eb7488d1212,2,Tfidf_neg
267,33df7b26f8ca7387adc9a25ce160dfeb,3,Tfidf_neu
268,c94ed2735e42487063af774cdfe37dce,6,Random
269,47a72ae3a4458258ad99e10715d65b71,6,Random
270,8fb19fa57d95eda47fb9847a893bd83e,4,Tfidf
271,1c996d53a7a08e7388bbc11be08ac396,3,Tfidf_neu
272,ab233a043d0cbdefde35eae264c44984,5,Word2vec
273,2afd7a4146a0dc030127bb5037122819,7,Transformer
274,f93100267132db8ad0b2ed7c5c18e363,7,Transformer
275,66ddec2dec0cbf6b7c2a64e597068b89,2,Tfidf_neg
276,294a8932fa23efd1f0bc3cb94dcc46c8,2,Tfidf_neg
277,440fc381bc952bb5190aa129e822373c,2,Tfidf_neg
278,a8de909d4d7ccee24b216702a5429211,5,Word2vec
279,866ccfd69ac31ec2c5ae913073c0a6f0,6,Random
280,8fe73d39e9071357b1ee280139ed20c9,1,Tfidf_pos
281,936b5da303f0a8f33b588aea50fc8fa9,2,Tfidf_neg
282,9353dbfb2885be278d00262619471543,6,Random
283,690c89aeed1389bfe973f758ea4c5c42,7,Transformer
284,140fc3ba05b79d1f656aefaee690a2cf,5,Word2vec
285,71461c304b19d8d7389be07672960003,3,Tfidf_neu
286,3a228dd8978834562674f4f9a4648b15,1,Tfidf_pos
287,2697cc68bcd235ea906ccd2433606c9a,1,Tfidf_pos
288,a0dd8ec6a710b56d4eb632502e00293e,3,Tfidf_neu
289,db64ed75fb754b92b1c5339b6bb8e0aa,4,Tfidf
290,630f34b4f6e2b3b904c1fe12895968a1,5,Word2vec
291,e3e52a959751ee8d15dcb0cf784f1b72,5,Word2vec
292,c13fe55bf6b13db314f832b9459a5942,7,Transformer
293,a506f7bb47a40b652fe5a1c7659db6dd,5,Word2vec
294,4f9d45ca64713d95386918e9630f6bbe,2,Tfidf_neg
295,dbaba1361cfe7626d6cd7da9a17db9c1,3,Tfidf_neu
296,4378d2ab5566847bee6645f9940b011b,7,Transformer
297,304f90cb3f3d688ebaa7d32405b81ad6,5,Word2vec
298,fabde4f41badfbaf306220c7e8310df2,3,Tfidf_neu
299,646b3062850d52ac8118f85ee92c9c19,3,Tfidf_neu
300,49b9a4573b376bec7a304436268fd33d,1,Tfidf_pos
301,23c7c9631f9f8a4b3bd9fc6fcf8ab4bc,6,Random
302,d915d9845a85ad1b0e6f1438837ed65a,5,Word2vec
303,208838d613c49174b296e12575553586,2,Tfidf_neg
304,76c80348c35592d93f52ee24f5f8bdb0,7,Transformer
305,029e736b9833571b05954df0bfa32331,2,Tfidf_neg
306,211c393fc261842fcade1bd072e88ac6,7,Transformer
307,975903b013151b36f8390d97467541f6,5,Word2vec
308,afa65f22cfefa09a85cf13509cfcb109,2,Tfidf_neg
309,2a2d5ad4b7ef1eba20be65f07629f922,6,Random
310,1df74598ca17523d09ffac37e643121a,1,Tfidf_pos
311,6e843b92df2401729e674c822e95d23b,6,Random
312,a84bfb752f0fc9216043a187fcd5a1e0,7,Transformer
313,7d0b57d825c3aa717c4bfb0c35d28fae,3,Tfidf_neu
314,a0d9eee6f65aa11b0de16d300707c364,6,Random
315,c4cfd5f9dbb1ef35e9d4ba2d1f1b68d0,6,Random
316,1b8e099fdbebe2e09dac3eaf9552e6db,4,Tfidf
317,3aa0f0f42a614ead775e68b571663f7d,5,Word2vec
318,267e67dc204fdf1cc8c29fc36b6a7d6e,7,Transformer
319,b1db4fd6f82f5fa3b3a78f287b08c8ef,6,Random
320,7fd104cbcf4525e435ba05998af386cf,2,Tfidf_neg
321,a8c1058e8e393743765167e07c2a49fc,1,Tfidf_pos
322,1f88a93714efaf768b96c9a15569a0b3,4,Tfidf
323,91189cd5d08957a25bdcd912373ff64e,4,Tfidf
324,cc272d1ef457c8ac98770753544e51fd,3,Tfidf_neu
325,5c5515b7f1a784c62f4e99ef3f3ef2c5,6,Random
326,2f0c2af167c43b6d6a7006e46eb61367,4,Tfidf
327,4519827c8ba7741e15d79a61898d5abd,5,Word2vec
328,9ac212d86678992fd357f037d1ba3db0,2,Tfidf_neg
329,5ccc3d46356c0787acf020ca85538b8a,3,Tfidf_neu
330,c59fa2a5aed2ef919fde3742346ea416,5,Word2vec
331,c1920f5604fca7804e7984f881c48d1b,1,Tfidf_pos
332,2dd13e71869ed8221f7d3a9ab5f2332a,1,Tfidf_pos
333,b06244dcab5ae445cc7b36ba033f1207,7,Transformer
334,cd4d18061a510e13667bda76187b18f1,7,Transformer
335,98d860d603b26641f0eb0e1ba91fec9d,2,Tfidf_neg
336,f55b6d4ae708e083f2bd9372fa1f7d6d,3,Tfidf_neu
337,d311a414f337f0c7c78ae56fb059da20,3,Tfidf_neu
338,b7bcc3aeadd1da0a9d984e4d9b75cfd7,4,Tfidf
339,f1a58932508ae11cfcf124e0f613985f,7,Transformer
340,02c2ec67ae9a8ec1d27a96e297241e44,6,Random
341,9dc104362756dfcaf6fe82f1337b6a1b,4,Tfidf
342,b1ddc73f5a8e1bf51dc3975b5b2c039c,7,Transformer
343,9530829f512846f08309830bf013b79d,6,Random
344,4d54b33d4a068913a1b1de2d444dcd81,4,Tfidf
345,bd7736c09722eac020d3ba894fbb877d,2,Tfidf_neg
346,4a9dc7169ac561b4b575cfc61e422cad,3,Tfidf_neu
347,8567a485bd593d2e92b5706b7f9d77f8,2,Tfidf_neg
348,477e82f578c5b962eeb9bbdc8f8b8834,1,Tfidf_pos
349,d3d030f9b1ef56680dd2896f16da516c,6,Random
350,11a2b4bde6703ed5d4309d2307d94b83,2,Tfidf_neg
351,5cd59c2c2d54d8bf9adb63ddef2d4461,3,Tfidf_neu
352,21cb7e314ffbe54c9ab984edc829699b,1,Tfidf_pos
353,6c10a965b81f5223f83da02933c787ff,1,Tfidf_pos
354,9158ba72d03539dc1055ac0e60f9ab4e,4,Tfidf
355,ae9bbbe1e15311dc81922d2537d9becc,6,Random
356,d927580a0a5c2aeee6f4171c1f0b1a21,1,Tfidf_pos
357,c59c7a37c15bc121a4f123464f9c0348,5,Word2vec
358,f22b4d54736d13030af80f611535eceb,1,Tfidf_pos
359,7ed4d6b24480070fb20e1d177c6bf821,2,Tfidf_neg
360,034cee7c4b885725fe9d4b430ede32a1,4,Tfidf
361,d47502cd47a79712ec9df87186d0145f,2,Tfidf_neg
362,c1fc1fcb3f487c043da62418c1e8e5d7,4,Tfidf
363,bb2b385a0f83e2b97169eced141d6873,6,Random
364,11a301a84b287a39b6818374375945df,2,Tfidf_neg
365,87305e1e3083daa843eed063a2d13996,5,Word2vec
366,991d3af0f89c3aa80127a57f9998549c,5,Word2vec
367,ac1876d174b50f25c099c537b907707f,1,Tfidf_pos
368,ef52ad0d6e916530c28b595a2663d94d,6,Random
369,dfbc5bc964dee291c220426ab78df5c7,7,Transformer
370,589f49b114621b5b8074d2af12665077,6,Random
371,09ec5ad1f4fcb09bc952f487796f6818,1,Tfidf_pos
372,cb79cf35a224b495469b5af774d6c729,4,Tfidf
373,7d9eeb33ede6ad3ba3c05bcab5d467a6,6,Random
374,bd1882973c9c2ff6a2505344d5e81e56,4,Tfidf
375,9c7f35978577d6e4f6cb8925a8cdc6be,4,Tfidf
376,b3d3484504d16feea4b051b72a70887a,5,Word2vec
377,245db0a1309350a3ed49ddbfbd4ffa82,7,Transformer
378,ac9de95534da1c5f132f1f06df5a2976,1,Tfidf_pos
379,c21e8d6d23623124b192ed77d2dc262b,1,Tfidf_pos
380,9f5ca88226f1f3fc10ddfb50fa1e532a,6,Random
381,b82060dcf778c0267152e9c09e2593af,3,Tfidf_neu
382,fc194b6a83e354a2c797ecea53a602b9,3,Tfidf_neu
383,ee53a6a0e0963d993fec9068a4efbdd4,2,Tfidf_neg
384,9e3799d378ad4f00cec550adab226fb4,7,Transformer
385,80cc72d88db2d83b796aba1b2fe52c70,1,Tfidf_pos
386,a0b863c1f4b20c5c186a5bc24ed1b7c7,3,Tfidf_neu
387,9fdfcddb994752fe32ba6dcd9dcf4cea,3,Tfidf_neu
388,8d139c181f72f11d4ed809248538a373,3,Tfidf_neu
389,593efec36c0fce569f7ef826d77a41b9,3,Tfidf_neu
390,24561a77fd33b34728d1e157b50160fd,6,Random
391,75f8234fa0b1b11521e979b9e17681f7,3,Tfidf_neu
392,8578df2c4cb8f5d74270ea5772f9cb27,4,Tfidf
393,a9f520abc5edace061567bde4037bdc9,7,Transformer
394,721a5daa41f6786171d5208332422b66,2,Tfidf_neg
395,0a62ce35d869a3500bf0600db23f8e69,6,Random
396,4977bda1bec7c35c1e9bf7bd62be26d9,7,Transformer
397,2f5bfde92ab3c9f3630f5c81ddfe77fa,3,Tfidf_neu
398,edcd24d60bbd2fea355f65c634132294,3,Tfidf_neu
399,555a5e547786f50df0483b94f56f7a98,2,Tfidf_neg
400,abbfa4f70ed34a2ce1f7c438c9702b24,1,Tfidf_pos
401,0bb204d0399fb9b642aff67a1c734ecf,7,Transformer
402,f88a5b70c1963e656f6a4347d080e36f,2,Tfidf_neg
403,84292892606fa1144052718b2a3d5454,6,Random
404,189a574c3a9a381dec915466113b14a9,6,Random
405,24eb085133b0b69e29fef115350b4b9d,6,Random
406,177671749a913db2cb2f90d562fd854f,5,Word2vec
407,61482ec8d358965b95498b8c3e07edfe,3,Tfidf_neu
408,108b5dced1c7c32a45eef61d9fcb9d8e,6,Random
409,7e27b0f07f4352b735c15db854c22827,7,Transformer
410,e5993bfa229dacbca288127ead199b42,6,Random
411,03bcb91c2c8620a587557e5fced57bae,3,Tfidf_neu
412,205780fedfe512e59c59f0036eb55756,7,Transformer
413,c59f4e01d36f43f908ead2bd212b5d54,7,Transformer
414,ec5daa3ba88f04b99b0b761ed49867ab,6,Random
415,d627fd1f8b0e27a80679e5a76e0288a1,5,Word2vec
416,fdb8afd20ce1538085215423aae34c42,5,Word2vec
417,9fb2f09081940fb9f2f1b62167b663c2,6,Random
418,7d210131c1c1ba2a388e81bfb4e1a4ad,2,Tfidf_neg
419,c984649ccd65c153053fe6d6e8436de2,5,Word2vec
420,88067f0a6140593e777e6993d7a5ab02,1,Tfidf_pos
421,ccf3fe2a2febc0b14185e2d39ad13f7e,6,Random
422,f02a0a80cff6233965cab181ac596b7b,4,Tfidf
423,26cca40ad30d9918568e9d1cd2c4852e,6,Random
424,f99c96efbd17a08157428ec9ec7d4a2e,2,Tfidf_neg
425,1ec551015b07f90d291efb34d65b1583,6,Random
426,83dbd81fb69d205dec9eabf9077ecdb7,4,Tfidf
427,8e053b59bf101a8e5120ad34134224e8,5,Word2vec
428,f57d417874b2c8671f7f1f058095d72e,2,Tfidf_neg
429,678d40a1dad3ef1dc85d1359f00b3171,4,Tfidf
430,4e42377ddfd327ae9cbb56f36e803fb4,2,Tfidf_neg
431,90d94487b13e3bb6b2dcf2904894f44c,5,Word2vec
432,ae95a2792209448749c833985b386090,2,Tfidf_neg
433,b1843540751f48cf91f1a69833b9b225,5,Word2vec
434,e6b004c2d773d9fac906442934b2f71c,7,Transformer
435,ea56e5ea52aeb931f8f70b64fd05f79c,7,Transformer
436,8eddc7b076a8165f7677f2edfea684bc,2,Tfidf_neg
437,e6fbff7827c4c1e0c2b4b40cb3a8e8b1,5,Word2vec
438,5ba4abd11ea0032432f40f85288b8787,3,Tfidf_neu
439,5233d169439663b259ebccfbeddf6494,1,Tfidf_pos
440,9c9ad433dee131c23aa945a60ed49ebf,4,Tfidf
441,f922010078b241c40e27aeab729a670e,2,Tfidf_neg
442,78690c6b1f8c95d5c3c155a05c7704c5,2,Tfidf_neg
443,c83dc2586609c8fc8f852b1eb8ccb9ed,7,Transformer
444,714fb1d2c6cf8c6cdbf75b6516fd30be,1,Tfidf_pos
445,b86ebd46a1ed5a3b6fa2bc8048175671,6,Random
446,93f5db436374de8d562a2479011b6bf1,1,Tfidf_pos
447,0049d2aa82870f8b26094122b4eb94c0,5,Word2vec
448,45dac8d1ff52888b1902c51444409b41,5,Word2vec
449,db0c48222a82a0e089707dcbef52964b,7,Transformer
450,bd4cd377f266c2291d3ab2a1497a377e,2,Tfidf_neg
451,c4fdd8683721c1ba731fa246940c74b6,2,Tfidf_neg
452,7903c13be116e4d3ccefc04e7250e7e2,1,Tfidf_pos
453,a4b838f15b84b6d1344a7161b5216591,1,Tfidf_pos
454,8b851751563b519df4ac8230de460c4f,6,Random
455,f66b7302e671507922f153e569595079,5,Word2vec
456,4194f1fc1c82db257953fb5814709438,2,Tfidf_neg
457,44438b33340eb242ab45ef655f3e2355,4,Tfidf
458,63696110e2ab9c7051572e0969e08db5,3,Tfidf_neu
459,3808be54dd05fa4fdca7810ba7d7e163,2,Tfidf_neg
460,4af3df7aa4fbfb07e9e989e8b752caf4,1,Tfidf_pos
461,bc86028b19cbdb8b56b548655fed4318,4,Tfidf
462,474eb39e31248ea1fc5e8b0ad934b822,1,Tfidf_pos
463,f5d630ddf08ab2d2a77902a149606e68,5,Word2vec
464,a5873c173d60b6f66643158a5a9f36ef,6,Random
465,6379f0629575cabd2fe217837f954ddc,7,Transformer
466,18c7418fce80d7ab8be08d66d19c84e3,4,Tfidf
467,d5f163a611d3da80fe4d0f947d8507d3,6,Random
468,1231d485c450b61075e4f8a439987b51,2,Tfidf_neg
469,0b7e5d43e449db250819800883883626,2,Tfidf_neg
470,60cfc5266ba5c70ba8a2a9d3c1f91ea0,5,Word2vec
471,8a92019b361947f43d83ea7a97af75f8,4,Tfidf
472,046bce07e4033562d3fd6116bc3f9b2d,6,Random
473,2622fe05cfc1f46ea82e2c4b33ba8736,5,Word2vec
474,b73389bf31cba6e8f81de5ff6eb5b532,7,Transformer
475,297569c42a732639d9aa95e98a092dd7,1,Tfidf_pos
476,c496f6f2c831424502ca42cb61abf7f3,1,Tfidf_pos
477,a5c18bfbf1af05931ee5502f3fbf0935,1,Tfidf_pos
478,7560e009f06d42a3a08db6738ae4a1c3,3,Tfidf_neu
479,7cce48146898c96cab9ebdf330be054c,4,Tfidf
480,9199ed489984940a3bdb7431dc4a8bc0,6,Random
481,2d9f4f3695faf919f5b17d99dcc4eabd,1,Tfidf_pos
482,25de638ae6d2b07903190a86720328fa,7,Transformer
483,1e52fcbcba68fbeb29d09731e0b66d7f,3,Tfidf_neu
484,475c25f7094da17b1c24d8a73277f580,3,Tfidf_neu
485,34c77b4afb029e37bb476e1056f2e2cd,2,Tfidf_neg
486,127895bb2f06f7a6100c2c0001f6acea,7,Transformer
487,f687b97f57855fcf15700e4b553a7f97,1,Tfidf_pos
488,78cfb07b75de8ae34668f93007ec1657,5,Word2vec
489,18e8edddf033a80c1378a83b0890ab79,5,Word2vec
490,08901bf04f213837ebcfb90a88486c54,6,Random
491,19d0b84cb281db777e7d5a05306ccb92,4,Tfidf
492,c6a6d0fb0ca90b722687bac2a689c096,6,Random
493,6b67dc69c2088427db56c163a1422bc7,5,Word2vec
494,c4b6a9b9fea37da5f424e5655bcbb18f,3,Tfidf_neu
495,5d72a126fc2fdae227e866be53124926,3,Tfidf_neu
496,5b176f70e3a51f783526d8f0f79de484,6,Random
497,d50113f2e6f2b57db1b3ae75147e46ef,5,Word2vec
498,b63f16e47d205eacb0c1e9a7a3d95833,2,Tfidf_neg
499,e768c4f072b56a464c2d63bf8eb73283,7,Transformer
500,b9903937308dc4831e7152b33e045476,3,Tfidf_neu
501,2de9bb2d8406672381467b3a5e6768bc,3,Tfidf_neu
502,34dbda948d6284f71f437d173a016028,4,Tfidf
503,13c0ab9e1e2471a495ac18e1492aef0e,7,Transformer
504,0abcfa7e65d8c39ce02f21d348475d24,1,Tfidf_pos
505,e0c252f6a2d7df93790702c4eff6f4e5,1,Tfidf_pos
506,fe90a8158575d4430de5c3eedc60e278,6,Random
507,dec7118e12a26805556557a22b559c0f,1,Tfidf_pos
508,0c7e7cb52fb23dfe8159eb3d871abf5e,1,Tfidf_pos
509,44b127463a4b5ca343933d9a62dab0d4,6,Random
510,ce09a7191fff2d670d65ea5670dec7f1,3,Tfidf_neu
511,83b898ada9a368a61137a1ffa7e355ff,2,Tfidf_neg
512,73444cd659e5775cab873916265a44fa,4,Tfidf
513,7ddf579bb5c781147602ed7d10d30bb8,7,Transformer
514,675f148187d56ab74c1b6a9bc4dc0fda,4,Tfidf
515,b811eef5556a57e646f30bab9cc50261,4,Tfidf
516,9f7ec2c3255fb8a6c463e3d87773ea41,5,Word2vec
517,ed7c938cf08c1d06a9a87a42e861ccd5,6,Random
518,d4d80de9fdebe7cfbabad01779f6e769,6,Random
519,75e520295d6cebba24d6dd5454ad319e,7,Transformer
520,5e31934514e5f6e50cba92b473f27347,1,Tfidf_pos
521,b8efabddde5df8f5680b55ec5c9cfc85,1,Tfidf_pos
522,56c28a68cc1091b27efff54c87b7d830,6,Random
523,e335e376619a78aa6e956d5c93bdcf01,3,Tfidf_neu
524,fc45b32d7f5d09caa602f27fd59bdbb7,1,Tfidf_pos
525,aef724c40a0af0e072df43bdf00c671e,3,Tfidf_neu
526,479151633a93bea47c02d23a18b922fe,6,Random
527,8071d5281dec35c9d693d3c17cf0da3f,2,Tfidf_neg
528,ef8e27df825b568a48f482270229cb2b,2,Tfidf_neg
529,91a395fc9d12c1f9acabe6eb8a11c219,3,Tfidf_neu
530,df3af3a17c10695540619ea7b6cbe5e0,4,Tfidf
531,e1ff28fe5d773126948c6369c239d541,4,Tfidf
532,ee73e2a354c4025b44c52490bcad62f1,3,Tfidf_neu
533,1923ea54bfcd9337529de56bd31d5681,3,Tfidf_neu
534,b193f3e7c890ab3e8aae79c05c6687ee,1,Tfidf_pos
535,612a3d1e300b51c20b94966b06db8068,4,Tfidf
536,b394dc4e3bba15cde30bf2b6cc95c52c,5,Word2vec
537,4e90c2c06f4a29ecfe3f648726e9f523,6,Random
538,32a75e793b3315b33f7b35e2794b0c97,6,Random
539,ed156ed8822df1dcec51f900f96f79b8,5,Word2vec
540,c397e7aa90ae7fb1853f45c79a56dd14,7,Transformer
541,b1310186adc4637f44997a60cf747985,1,Tfidf_pos
542,3f48e9037939795cf41089cf766be677,4,Tfidf
543,625aef6ca2d85a787e38a50b3239755f,4,Tfidf
544,3f81a2ec93270a6528f2952982561c62,2,Tfidf_neg
545,ba6ad2289781e78644e6f5685827b32a,3,Tfidf_neu
546,915812e735aba1f4ac569745e2fbd103,4,Tfidf
547,d4ee15e17dcac5af9b294d6d8f617ec3,4,Tfidf
548,1885a3de5027c7a70e3cface8bfeadcd,7,Transformer
549,6155d281e192eab4dd909d1847b63ecd,3,Tfidf_neu
550,5ff48e42dec13374c605dcdd23a90fde,4,Tfidf
551,c6a2498919d616c39640eb9625ec93d7,2,Tfidf_neg
552,ca187b5d5f70b5819ed079f841bed744,6,Random
553,201c1dcbd5815b26ed40b491a187464b,5,Word2vec
554,ffe8d1ab1a35555d05c6539715fdc51a,2,Tfidf_neg
555,635b35fa97209b87a28a6ad9393fddfe,1,Tfidf_pos
556,4deac94fd962a445b7757be7388127cd,5,Word2vec
557,1b5b0a93f888e31770dacf5637b287a4,3,Tfidf_neu
558,19ea8cda80eb058fbdce45f70704fc99,2,Tfidf_neg
559,e526a21049defa711a1216fbb92aa86c,7,Transformer
560,8b45080471c2c468da170ab1c6394dc9,5,Word2vec
561,9eed8bcc23d5cb54ad47ceeccda7f07e,2,Tfidf_neg
562,14bcbf19f6097c84832442d846f1c138,4,Tfidf
563,2004123763b1678a0906c0996ef04f72,7,Transformer
564,2ef9d094c47cd01dc3bd74989e15ae23,2,Tfidf_neg
565,7675fec6001d0a09dfcc62c1c34f68f2,5,Word2vec
566,bb285904b65d6c44bb2e18a00e1d56aa,7,Transformer
567,f934d9e34b0704acb44ebdf319cb6279,1,Tfidf_pos
568,bacf36ebb1a0f7868247e68d978e3bb7,7,Transformer
569,826c937b017e668fd77f4c29ac5815fe,3,Tfidf_neu
570,9c074fa53e03d3b89651e7c63f8b6ce0,3,Tfidf_neu
571,07aec2cd9ba32955f68700e70f46d65f,6,Random
572,896be1a23d26e6cd89cf939400eb35fe,5,Word2vec
573,00cdcf47eafa4f0f9abbc71d66aa5c2c,5,Word2vec
574,c206f10524365ddb22996fc015b19729,7,Transformer
575,c2152260a9864b7fd11fc40d08270858,1,Tfidf_pos
576,7822caeb66048f5a7a6d789f3526885b,2,Tfidf_neg
577,be68a03fa1ce9adb3c7bc2439e9c55fd,7,Transformer
578,6cf6d54fccc83aafc8676ba1e433515d,1,Tfidf_pos
579,6be39d1afab7f3d533d1601f6e190ab4,7,Transformer
580,6332471205b71db52ed395dc2143d7f0,5,Word2vec
581,59b15f364b98c2c5e2bd368a7bc78bb8,1,Tfidf_pos
582,7cc587a36dfe94db840dcc438358e473,3,Tfidf_neu
583,45960397f4a9885959375a59c0aedef8,1,Tfidf_pos
584,79b8bd5f29de85d08efbd70e316c4072,2,Tfidf_neg
585,a3cfbc70f66455aa2c67f45bbfb4ed64,4,Tfidf
586,0f6e1551b8f45fae27889018dbf5d06f,3,Tfidf_neu
587,cfb0cdfa3229afabe3a88e9dba232979,7,Transformer
588,10ec829b4570417e8a21ed3a917fed23,5,Word2vec
589,c6fb23016a3e5c19ac2bc1fd684540cd,1,Tfidf_pos
590,2797d78edd7d41b5fc8f0f27a1a26ccc,4,Tfidf
591,e73a0330a12d7fbb9ff8c32055ef5f7b,5,Word2vec
592,b757176751f8cf8a6cbf4753fa77c6f4,5,Word2vec
593,1343db67b0579cc77e2d4a2aaea42200,4,Tfidf
594,bd381f8f39583502a7d838a8e8988305,2,Tfidf_neg
595,dcc6085826bef42b84a86eb593d1c5de,3,Tfidf_neu
596,c40ee0a62860c722069b3d0614ebafd1,5,Word2vec
597,3dae935b10194a7c7272126c234c95ad,4,Tfidf
598,d0e7db37f02c42b051e96739c63ea5c8,3,Tfidf_neu
599,0de14221be1f573c38c09977c0dda40f,5,Word2vec
600,a29710e8039a8cd3c0893d26a450b4e5,7,Transformer
601,95763eb5258db9271c969841e46cac61,2,Tfidf_neg
602,ecd40df4801b0a8ff06e1d09a3546add,3,Tfidf_neu
603,bb8a7fe3759b8358bb14438e782bd345,4,Tfidf
604,7528a50211b9f8ca383e05d63d39ff86,6,Random
605,d1f85d39ec1765a951e7662cbbb5d2e3,6,Random
606,c42396f9d38f66161fb0e4528f79cc41,7,Transformer
607,ab839ea243a85a33e5aa1fe10dc8cb06,4,Tfidf
608,c637accc993bf7e3d71ded839092632e,7,Transformer
609,7ee502d17cc49ca5bdaa1862529b7674,5,Word2vec
610,961980c92dc16f2a216c7a2004940f9a,5,Word2vec
611,d06aeba357a0bc3a266e5141a1319889,7,Transformer
612,ace98609dcc71ea889f245ffdb6a607d,6,Random
613,085a02ef196db35a8e4c8abb9a1ef480,6,Random
614,6f4bf2bcb88eb4e142df22d7dc1d2aca,4,Tfidf
615,2421cf422548841e2d9523abfeb426e0,6,Random
616,d716f365b8abc041073e0c41574b28c8,7,Transformer
617,a804963c0899209cebd36f5f100fd0d8,2,Tfidf_neg
618,5621d02003dc46932c213304d3065b6d,4,Tfidf
619,3a6d53fb70174e9f582120e8e48dc452,5,Word2vec
620,1030deaa3f79c578108793e2e8967f27,7,Transformer
621,9c2f8c77b7ed8fd73eea6f95be6a0fbf,1,Tfidf_pos
622,bf6699703f601e533f2bff375b384797,1,Tfidf_pos
623,39336fbb2f9a9e4d77e2761efcd1b7be,6,Random
624,e17e15ce1bc60ba2456a572642b988c1,4,Tfidf
625,24b007b1e6f1ddae4c13222fdcd5f4b8,7,Transformer
626,ba93d85e742bac8d3a0e423f79ede8d9,5,Word2vec
627,2baa2117676d557579493ca2f68e91cf,7,Transformer
628,d49754bfe6eec7ba2eb604f8eca66fbb,5,Word2vec
629,bcd1bae72ba65b7030e4cdd5d87cbe00,7,Transformer
630,f9d4adbd115a6fdc53d0abe2a836cb95,4,Tfidf
631,26b4b8bfcbe8b68ddaf8256a24f9783b,5,Word2vec
632,c88d256fd1939b7b8f322ac0c45521cc,7,Transformer
633,4ba679b5a5b8518d6d6bed82882a7b30,5,Word2vec
634,13696478f09bb0518a497745f36d4d77,7,Transformer
635,932e330c7a740d420a0c4a9e43650389,4,Tfidf
636,c7dfeb72adbbe27a2c5fd84e7a4d5b67,7,Transformer
637,ad280ee93b55f518679d2d0c8835ab65,1,Tfidf_pos
638,c749f2cfcd9390e085990c45bc56c50a,4,Tfidf
639,692b134810bb2dc90ae0c2bf970860fe,6,Random
640,0e28344ae1c4769377f2044e2e9398b3,7,Transformer
641,e55a3b3a3be851f4de0f3db0bd389a86,3,Tfidf_neu
642,062ab7952d89d0b0e78799c376dd4ac2,6,Random
643,fd434b951c780ba3df5f9ea1187951ba,5,Word2vec
644,5e4ef99678c4a4c1429ac241bc75965b,6,Random
645,4493377730bf42dd15ddb762d0e8a7b2,2,Tfidf_neg
646,4abd694aede7be50ce62c1e7bdf11699,7,Transformer
647,9179b5ec7cd4fc7a4dc4b818e585d68f,2,Tfidf_neg
648,03f5219840346482219c04d53fcd1578,5,Word2vec
649,05317674b3bfb8bde88a24b1b47e9b31,5,Word2vec
650,fc9acf55e7763e1423e672b0fb18bbdc,3,Tfidf_neu
651,249646ec1e5d575cbd6b5fed0e07f331,7,Transformer
652,519733868095657373a7eb8b48a31e35,6,Random
653,743dca932293359a7eef11c8552719da,7,Transformer
654,6edb1045b6107807bd01df5bc8117f33,5,Word2vec
655,db94c64cd117960fbc90a579e59f37af,5,Word2vec
656,50a467cb0e2a9348ac622b56d9675609,1,Tfidf_pos
657,650ef6afc73310a751abee15d7457a31,5,Word2vec
658,6209dcca076ca21b82af6b9049788a03,2,Tfidf_neg
659,0ac08f979910cf1ff90c0d99d8862312,4,Tfidf
660,f59d24c76a5666e0613e1646285071e6,7,Transformer
661,b85c715539ede91f4207a395fec60bf0,1,Tfidf_pos
662,64b37bfe23d696a8cbd06772110a9469,4,Tfidf
663,8ca6a87ea30933ed8d1b2eea15662ef2,2,Tfidf_neg
664,e11e62f63ec655268f112461e2b63a71,6,Random
665,7d6f449cd71730f4777fa2b7de5132f9,5,Word2vec
666,8a39f9647c4cd647fdba3bc4501f2a81,2,Tfidf_neg
667,b73debf1350c9cbc0a257973690e8e6a,5,Word2vec
668,137641d1b594d7d4142e6a43cb9bc2e7,3,Tfidf_neu
669,3ee14181f451a751cb7b8c0bd780f86b,3,Tfidf_neu
670,368deeed866b4f22f11d829d0ba97aea,6,Random
671,8176c0794a89e2ed4a3682d751ebcae9,4,Tfidf
672,7fc9010ce320c77446be1fc8fd9272c3,1,Tfidf_pos
673,e6ff19365df1645011ab8e062a9f8b59,4,Tfidf
674,554cff0c32017df8141003e4ec1ea480,2,Tfidf_neg
675,bced2d0130744e9ec59ee91a0afb06a6,2,Tfidf_neg
676,75fa7d8845c7cc3767f57d90f87d1003,1,Tfidf_pos
677,d227ac684cb80a7a9e06f3993a75223b,3,Tfidf_neu
678,7c1b3fcaf95a613c6a5c05bcb275ed52,7,Transformer
679,39970440fb9df22745d3743c6aa104c9,1,Tfidf_pos
680,19138b91358a5496ec066f8915d2740d,6,Random
681,ae2a8c6aa346d9c08d2d3168dd9f0201,7,Transformer
682,dc1d726b25fb03e8bf2eae3ab22cbeb3,2,Tfidf_neg
683,02f6cbb5dd9dcc35485aadb259068588,6,Random
684,8e409f9b68c6f738be30bb61f3e873d1,4,Tfidf
685,f518272dfd73557913b0b55c16adf81e,1,Tfidf_pos
686,98aed4833b0fafde895b2177d776cf6e,4,Tfidf
687,35f9f119eeecd45ef6ee5946c334c3c7,7,Transformer
688,dbc68a8f24bc316e333d5598692e4ca4,7,Transformer
689,d5d36e5790a8eef7ad70fb45fade55c9,3,Tfidf_neu
690,bcc217a52e5cb59762321429aafc1c30,3,Tfidf_neu
691,b4dad07f0bfc378aba2c3d02e43a822c,4,Tfidf
692,33f09c6f6f201204273be47675f083a6,7,Transformer
693,c30f1aad59208cc69ff443b16b843b49,2,Tfidf_neg
694,43817a6a669d564181d4ed31288b1c95,4,Tfidf
695,2a1c45331c193255fde132c6ab3d0c63,2,Tfidf_neg
696,4ab13773719793b52a92665c5a357084,6,Random
697,29ea4676cd0aba1d80f32ceafd1fa580,3,Tfidf_neu
698,28a55328f1742fdfe05d9ef2f6628d2d,6,Random
699,f1e4a6a10d3cd964e0ebb1aa72fad148,5,Word2vec
700,e9853169f9379db93fa26771f12554c4,1,Tfidf_pos
701,fe945bf38bb26b9b06d1353f6388fe54,2,Tfidf_neg
702,015461b56a93fc371181a567c698cc80,5,Word2vec
703,2fe46ea527fcbc62aa46356e7b795c02,1,Tfidf_pos
704,07e9db24b30d7931e1c6a41e94392abe,1,Tfidf_pos
705,eb9e074fc0ba134d49508b0375f743d1,7,Transformer
706,d2cbff7476b778f61b5044bba5ce258c,1,Tfidf_pos
707,4a3b7fed1879bb7f4213ee043dbda9cf,5,Word2vec
708,0af54c9f305310301702b72f217cc1c5,2,Tfidf_neg
709,b8b827cc90ba6f49778dce6290c72d2a,3,Tfidf_neu
710,a8abc83e6271fade07deda17daef9565,2,Tfidf_neg
711,c61cb00477c4b0565434c643a4fecad1,4,Tfidf
712,6f9bda4d5f30a740f15fcbdddc331c0d,4,Tfidf
713,2720668823a3fbe1078b62618a06b04d,6,Random
714,2051e8abf0c28971ef74f7bb771faa1d,3,Tfidf_neu
715,91872e90b9111f6bec21936fca8325eb,7,Transformer
716,0350a12b0c1d708004e1f8d343727f4f,1,Tfidf_pos
717,5255b264957e7e4013e5100b27db8319,2,Tfidf_neg
718,12c12d43bed312da1cdf7d03a3f325d4,1,Tfidf_pos
719,6d27cfb55700ade4fef0eddbe767581b,4,Tfidf
720,d68e14454128c375b11c13657dc7619f,6,Random
721,f279c673df885cc9e3afdf3b31777c99,5,Word2vec
722,92e1661e9b6933938624b4cc93fd40bd,3,Tfidf_neu
723,c34ad9a991ead2b37b0cc9cdf70b2705,4,Tfidf
724,24b0c2f7081baed5f8c449f873360244,6,Random
725,f0c57b4a8c0b4f77ae9900c5b5f1510d,4,Tfidf
726,47bd16844eb86449d49f324e5f3221e1,3,Tfidf_neu
727,a942f3bfeea7e75a8f447a69b5a21c8c,2,Tfidf_neg
728,f6640bc8b85feb25666504d2e1a722b1,5,Word2vec
729,b78c7cfb8cc97576f0abad5dba0d0c2c,1,Tfidf_pos
730,b00cd9b5cd0a62c47d3095174248a6a4,3,Tfidf_neu
731,2896d70de551f62031b439e33942714a,1,Tfidf_pos
732,7436a431b3bb8e095d5a25a91fadaf62,3,Tfidf_neu
733,074ed14ed55129d5446db99a8def2cf5,7,Transformer
734,e798e7adcc0defc21d7beea61e8149f7,5,Word2vec
735,af968082b0e28d141c176ecba5e9b94e,2,Tfidf_neg
736,5999028c547d0aef971dcf2355745617,3,Tfidf_neu
737,689644cbb5d706cbc54c3267ea31873d,4,Tfidf
738,faaaffd20740be7bf172c06d399a6509,6,Random
739,09b1d8ee99cdfd38e71f6d66ca6f5f1f,6,Random
740,d17a91a7da34bee40fbe3db1e49b13e3,5,Word2vec
741,c62cba0e827b3e45eb4a4dfe600b0786,5,Word2vec
742,8e801f84f6cf092e34a01cce4beef813,7,Transformer
743,f31ce457909df0878b61c55718e3da63,5,Word2vec
744,6fc75525c878deb04a08fc85f3ead8e3,7,Transformer
745,99272e3159e09beb03ed2723cc363272,4,Tfidf
746,cdc1b0d0a4bab1bbdc42906c9a205c53,1,Tfidf_pos
747,f69ed0173ff221a022d7b218c50def72,1,Tfidf_pos
748,2f613f392d351791e602947cc93987cc,6,Random
749,9a30f34bc9afb4955c12f1df71c1bb52,2,Tfidf_neg
750,146c677539f2336c15e20df06126c6b5,7,Transformer
751,8243c7c75ea43ad013757740046b327c,7,Transformer
752,ed876d3d93f30fd650996c82a8b28c1c,1,Tfidf_pos
753,1968b39274d1cac89ef37d5efea17e92,5,Word2vec
754,34ecef845d6ba23e8fc07062e05eebac,3,Tfidf_neu
755,a8ae0f9c1bd1f1674076462c12e1b699,5,Word2vec
756,c12d8c7b6e711ad96bfd652fb06f3c75,4,Tfidf
757,6d123998b30177b8db3f5345d7060e38,3,Tfidf_neu
758,95ebc948eb85f7e18a8d5ce9bb1d9c08,4,Tfidf
759,ab043d22b2a718fc2858ecf37ed18717,3,Tfidf_neu
760,b004c3ac8a9ac10d4b6cd340a2a46237,5,Word2vec
761,51fe1307ffb22b8b19e5c08d9b988f73,1,Tfidf_pos
762,48c765323d565351c3ec510552e51fa0,2,Tfidf_neg
763,25c4d9889f07512b3810985a253919b7,3,Tfidf_neu
764,bd4fc2dd1377f3d78b685f20461b4325,7,Transformer
765,035fd02428b79847444461c59258089b,2,Tfidf_neg
766,3b757035613e7b31eafb74a77eb67406,7,Transformer
767,3618781d519b9844a7a75b2a6d160915,4,Tfidf
768,91f4f1feb60266eab8ce7666bf94852b,6,Random
769,0cf64f2782a048dc968576535b763951,2,Tfidf_neg
770,ba14a16be8aaaae866805d8022504200,6,Random
771,10876493c7fc7c1d41d97606185933f8,4,Tfidf
772,5b16b7b7557978f2e2b65d5328707e31,4,Tfidf
773,4a88dea05323aaf6f9250acbd88f9cef,3,Tfidf_neu
774,68207de496fb1881caef0bee09f28016,3,Tfidf_neu
775,750a6ea9ea19f88827829c2b0256c736,6,Random
776,7ffadeb56603c89a20b8c3425d2cdc2b,7,Transformer
777,6896381a01a153f83d68be255f7a7cec,1,Tfidf_pos
778,191721b29c616304c5baf946bdbce945,4,Tfidf
779,455d14372d1bb8fe7f0b76a329e8eb1a,3,Tfidf_neu
780,3fd3c89097e870b4ec2d944671f85ed5,3,Tfidf_neu
781,70700fab91ad57eb1d4dda7deb86c7fa,4,Tfidf
782,9cb540608bc9e75b9aae68ed7d973970,5,Word2vec
783,689696f780b7d2c79ea7362af518dade,4,Tfidf
784,37f25658faf5f233cdf7dc56fe3561f4,1,Tfidf_pos
785,7dc41446341ff483438d1e019d881277,4,Tfidf
786,f622968577b9bf3140ef759a12488ad6,3,Tfidf_neu
787,f7e55a2175fa98124d2ead64a9126816,4,Tfidf
788,48ec3b3b7b620cdfed4cb906a414032b,6,Random
789,1c08046eb745c76fe776252f1d9ad6eb,1,Tfidf_pos
790,5841ace49b321cd9ae722daba5f164d4,7,Transformer
791,2651c4f4518547c51d4e796a0cb9203a,2,Tfidf_neg
792,fb430a13e87bf7a00cc33f76d340ef8b,4,Tfidf
793,3a9ab892fe51524a9ab39e1c936b1f9d,1,Tfidf_pos
794,2c06cd53ffb6f343ad84b8c2b54849dd,6,Random
795,db760ff0d3bf5ec93fe1e8a0708111c2,4,Tfidf
796,489707a79f5659a6415484dcd21962e6,7,Transformer
797,9c7884f99ae07aea292bd1549f5cdde6,1,Tfidf_pos
798,958d62c8561f9bdc6de88abcaedc6032,7,Transformer
799,4c5d1c8cab6d1a3a59e72579601585f3,5,Word2vec
800,cf70921723bd78b925471442c1a21382,7,Transformer
801,eec09fdbcbae930fdde5fbe323cd6638,7,Transformer
802,b92a21ec6a40beb4cd7968e602a9c842,3,Tfidf_neu
803,97ccfecac2f5d734a370ce1c9140d20f,4,Tfidf
804,74b6425920e1a355b4a8a174def7cd5a,6,Random
805,5916ae15eae94be3f4ddea09299eecf4,4,Tfidf
806,46aafc0a7f932c3b1d0bfeabdfb9754c,2,Tfidf_neg
807,ac494dc448e5e5885046d8339cb713cc,3,Tfidf_neu
808,6393533dbc9c2bd21575f01d182a2e23,4,Tfidf
809,dd44a604bde9c03d3f98a557c4ffb4a2,4,Tfidf
810,d92d5bde15b4297e9def1d51b7bae3bc,1,Tfidf_pos
811,ebfb02b7ac23d63e29ce8b8627c199f1,6,Random
812,c87d07b6c7af9c46cc1bd2db9d9cc62f,1,Tfidf_pos
813,d3a25ecb4eb1f1b29c9c21d1c727dda6,1,Tfidf_pos
814,55c531f8b58ed772ba5f8469c396e20e,7,Transformer
815,674d089e8ea018e5532792f3d20f7deb,6,Random
816,c1c6cc3dde568aaf8ddaf124c44f45e1,5,Word2vec
817,6ca8184dc32916bf96b7012a66688a3c,6,Random
818,9008966e66d8f10096c460444652c365,4,Tfidf
819,715d8f8faa4f4edbb6366b074a5e9537,5,Word2vec
820,655cfaddce77e56a0667b7fb3178552d,2,Tfidf_neg
821,8c79538a36d5509a3379ec4ffe820e37,3,Tfidf_neu
822,4e18f5169026bac11b4d23b82a1af727,7,Transformer
823,5e5bc56dd83763f040cde96d3ff47068,6,Random
824,7c01ccb7a8c8df508502b4c1c1663d98,1,Tfidf_pos
825,7c9e83bdef60dc01fbcfa03bb34ccb55,6,Random
826,69670827144a83e18c196234ece0e6d8,7,Transformer
827,eeaddaf64e26332f53adfa7a93ddfa9f,1,Tfidf_pos
828,ce04f3f660c6d9f94877924c1e3d97c6,1,Tfidf_pos
829,dd55e6b24cb8f1f74c090b4130965bb4,4,Tfidf
830,d040a8988169aeb6482c70ea37d6310c,4,Tfidf
831,0be2bc98657d31c4bae7cd4d99d0387f,5,Word2vec
832,8708dccfee4f51198b2e3e5ac40c861e,5,Word2vec
833,47ab5847b3d614e13f86593433bafaeb,1,Tfidf_pos
834,a8b97571423391835b5a8e224e8376ea,2,Tfidf_neg
835,bbcb3d381202539a0572b6c2d82f518a,3,Tfidf_neu
836,92d5e3a43068a77362daa4ec65d20752,3,Tfidf_neu
837,c6c72e9dba66d406f67102260cc49067,3,Tfidf_neu
838,9b62d29aafc86a3f0b73addaca3e5ffb,5,Word2vec
839,a0c796561db1f81d0271c58df4a0e48d,2,Tfidf_neg
840,c946e3e2b358fe73a572d71a2ab43a53,1,Tfidf_pos
841,17939e116f142329db3176f492856064,4,Tfidf
842,a3085dd3a90a97a4f5738f0073b9684f,1,Tfidf_pos
843,2f4577d8d3d300625b7799321bb58c10,3,Tfidf_neu
844,94c6da8ec4891aa671e0e94cae114a1c,1,Tfidf_pos
845,9bae295bd3a211192b81a14c46ee3be5,6,Random
846,e66b73b67de15702a979d77d4d7b6f21,7,Transformer
847,2a19cae61eb483d6f9d6465170b1a7d9,1,Tfidf_pos
848,f18a6123aad121adb200da4770730dff,2,Tfidf_neg
849,a74a869ffbea8b472b4b58f10274d938,5,Word2vec
850,740e2b6933cbb93ff9017209844d6758,1,Tfidf_pos
851,a969ed353c8e77bc1b6470f67954d3f3,2,Tfidf_neg
852,3c3db68977c080a90ac76bb278af363d,1,Tfidf_pos
853,a5b221a1c5ab26cab54165389878389f,5,Word2vec
854,f4fd68d94823f918cb2973d26d676e13,6,Random
855,bad74c305e541ad1ef9c78385f83ff90,7,Transformer
856,be27db78aceb4cc725b3969cf8f6aca4,2,Tfidf_neg
857,deb3f2d17df9b54e9726991303c4feee,7,Transformer
858,854d279cb9171d28490cfab8cc1ef530,3,Tfidf_neu
859,a8d69d66ac716608ee37ff52e7e48ec5,1,Tfidf_pos
860,0fd579ce022dd189ef99cbfbd680449f,7,Transformer
861,e1e4a65290606cdea2961b4eb35ded42,7,Transformer
862,81f2e38ad7ab99a5403519ab9315b482,4,Tfidf
863,c2f47041246c5d4475e73b9c5f893d98,4,Tfidf
864,6a613f6a51a0a717e8121322aa95bbe5,7,Transformer
865,f13f67bdd0458b3dfd4a64be63c36ddf,4,Tfidf
866,e13fea9df56b55c8454a7930bd0d3607,5,Word2vec
867,2078a6568cea374ff30346b912759c25,1,Tfidf_pos
868,9a7c6698130ae16cdac0cb5fdb53ca24,7,Transformer
869,37d3787ec9d6335b69687529acc274b3,2,Tfidf_neg
870,18442f74fe8d0bae8429072d71d085f6,1,Tfidf_pos
871,ce49cbd2b434e996c69965fa673395e7,3,Tfidf_neu
872,903b8dcb44f64c6f9d88bba3ad6bd1ea,2,Tfidf_neg
873,874debf32db0e33657afa1018a6276eb,7,Transformer
874,3857d464e61de6e8ee6a41450becc864,2,Tfidf_neg
875,85742e4e003d71331cebeb9391b4a653,5,Word2vec
876,849a4c9d46e95f9c3a5bebba930da85b,7,Transformer
877,19a09252e7680f86fd95da0a344f76f4,3,Tfidf_neu
878,4df91680d860c8104bdb7814d0ae6f68,4,Tfidf
879,829ba0e12bf6e9254db3ad061f0b58e3,5,Word2vec
880,8f2dc5ca1e2571ea66003c7a4a70c3df,1,Tfidf_pos
881,3d8bd30b02c8ec78bf90c7a21353c9f4,2,Tfidf_neg
882,02bea43393a74eb796117f998241aee0,3,Tfidf_neu
883,77d7fdc9e43b323bf68fa75976b13617,4,Tfidf
884,2905e73be8124d3e140a325ee8071ae4,4,Tfidf
885,5f3dca409eeaeac9e5e30bbc29cfb653,1,Tfidf_pos
886,c11e0b8270c59480f020df0a8ab70da2,3,Tfidf_neu
887,0b6da1b66b5d9c3004523fd3d85e62a1,5,Word2vec
888,3c9f363f436e98279ad3230caa7f1825,3,Tfidf_neu
889,cd277c20e7ee1c07a10580602ebb85af,7,Transformer
890,3d2ce191af61d87f6c9986579fd83115,2,Tfidf_neg
891,52ac0aea7289a11df95a619bbdc326eb,7,Transformer
892,ba963c59f0aff99261788b33b9c24b8a,6,Random
893,60523dbd82b0c7017eed9efac166dd50,6,Random
894,ab7b2c14bf34b8514d223796d9994219,2,Tfidf_neg
895,4f857614ee884a9574fd295181efc288,1,Tfidf_pos
896,0f86a8221e25975216b24e803733e7bc,1,Tfidf_pos
897,e7b910879801d2d84d10c59489cdd626,4,Tfidf
898,9947cf7319bba32d4db021820e803e74,7,Transformer
899,7faa8dbd79b23ee924ebce0d7e5b2196,1,Tfidf_pos
900,af659d369ad9920cdfc4fbf7a2b69197,1,Tfidf_pos
901,fe5d6868a0a7e1c7dfec4cf14d8ff402,1,Tfidf_pos
902,c643df6013578987a206be2a0c04f3b9,3,Tfidf_neu
903,2efe65cd1bbb13e32316b0d4e9fd4f1b,5,Word2vec
904,ff38b3fba7fd3ea6ecfc36551f2545db,2,Tfidf_neg
905,2917a2c6ec29dbb3bfe89afab11c3e8c,4,Tfidf
906,2b2fef9d190d0df57bbffde32496d484,7,Transformer
907,ce2a50c3b6368ce37d1c675eece02377,6,Random
908,6d8a75c5483f3f4fe2bd853cf618ea0b,3,Tfidf_neu
909,404f77896a478bb998925e11f1f5eea0,4,Tfidf
910,53c913b18872faaaf65cc2e39969c335,7,Transformer
911,aca1a683c6e889b01532f82aef4716f2,3,Tfidf_neu
912,d6c40261edc55de34af7695c920d551a,7,Transformer
913,83c04bdecd9af1221944c49ceb2d8801,5,Word2vec
914,b48f2635c34810a39c0e73e3d702ca97,6,Random
915,cc5c8408a513d68ab0e1e92c8ed8348b,3,Tfidf_neu
916,c9d43ab08cb1f8198e7e542d3721d3fc,7,Transformer
917,d38df5e62793e301c02fe4f17a5b9b98,4,Tfidf
918,2bf16da667aa58806c3cdc4d9096cdbd,7,Transformer
919,88b67eddc4a15e4010b1f60552b1dd2e,6,Random
920,46d798adcbbc7631aa1e5aee4b3cda2a,2,Tfidf_neg
921,02df423f646ab6f9137c38edd23072db,6,Random
922,c173a342415f2cf33a539ad1498316fb,4,Tfidf
923,cfd2766b251bfb967fdcf02de3c8230b,3,Tfidf_neu
924,9834ebd3be025730e8abf3a48534136c,6,Random
925,1aea3a373869f1d4a4eae6a9ed360ac5,5,Word2vec
926,6e721d0e06276cba8030ca4e31e11fae,6,Random
927,1e905e81509c32cf479e92dd0c038861,7,Transformer
928,87eb6bc2fc5f2d94203a1b0e599cba43,2,Tfidf_neg
929,1d49d302d61763a342f9be93e891ad86,5,Word2vec
930,16c3f5b1d8d6282b6c3ea79c314585ff,1,Tfidf_pos
931,c0e21b1b0c6cd613c74edbb8fe7ad8f6,4,Tfidf
932,1f5c901a32273df318e7b0f29548a77f,1,Tfidf_pos
933,02491127563d990cf4749641bd4d882c,5,Word2vec
934,e2ece3b029d875cdb599ed8a0a315b23,6,Random
935,3f1422e89d6c24d2537f7250bf7c13d6,7,Transformer
936,f89877db81a4950ce290e3182bfb6672,1,Tfidf_pos
937,87977fb8318526bb0d15581b3bc7011e,6,Random
938,89108647beb661a8e5bd02f46cdf1019,2,Tfidf_neg
939,048cb116db0befce6eeae86415d7459e,5,Word2vec
940,4b41eb1f1521021072dbeb31551e864d,1,Tfidf_pos
941,78e8edbcdc95ddd21b56f1d08a964796,5,Word2vec
942,1d1a4d457b5fa01f449e58bb40f70d62,1,Tfidf_pos
943,4494fd7ea516a912900bc3ae297aa044,6,Random
944,1b1dfe9f7fcfe754c7049dbc87d37a8a,3,Tfidf_neu
945,f8df19c187471ca401d726a94adf5fd0,7,Transformer
946,8c524c031e033eb629e1f54b9a24296c,3,Tfidf_neu
947,ce71a1a21ddf80f36b6ddfdea47dac6d,6,Random
948,1f9a368de4c21a1781dedc7b6ade80f5,5,Word2vec
949,a96abc7c3c9c417f26235f667eb9e988,3,Tfidf_neu
950,eaeb48f8d642ec8fd77d032856ba13a8,2,Tfidf_neg
951,7f41b4a28ef888349fa69169c390fa3e,5,Word2vec
952,05a5bab464a0031af05f074839547b7f,5,Word2vec
953,886c7f7bebe39fdba6edb55f5985ce4e,1,Tfidf_pos
954,996d79c8b0e6b8de2450c4abf6342f35,4,Tfidf
955,e52e7d9a0f3edb972c93bf676ac6f529,1,Tfidf_pos
956,0c4fe71b37aa7816f00cf45e7006aba6,3,Tfidf_neu
957,e6c171e4aaa14374d9af86a8341ee918,7,Transformer
958,f4bb00bfece898a8bcc63bcf21b9796c,7,Transformer
959,312c59c7b87403bd4fc1ecabb8945e88,5,Word2vec
960,1274a3cda77d033b9dc8132a620b6b8f,3,Tfidf_neu
961,92911946f8145afa77e5760217ab0082,2,Tfidf_neg
962,22c2d830f595edae4a0ddd1fdf3d13c6,6,Random
963,7f3552de0321b8faa13ff0a34a351b18,5,Word2vec
964,bd9869f297caefc3dd70cbcacaab468f,6,Random
965,5d4058ab72d1155d737d4b0c42e73dfa,3,Tfidf_neu
966,aca10c910daeeb2e96ffb66ca884b402,3,Tfidf_neu
967,0be5b374aca900049682ef688cc3f883,6,Random
968,fdaf010891b70fff3105936b3295709f,6,Random
969,c6442602ae006efd24ff97d683545384,6,Random
970,fab3951db7b2b31ed1816debc6869698,3,Tfidf_neu
971,cf9590ad7d16550155a1b582fe673805,2,Tfidf_neg
972,7b4ef1a8a834c34c830617ac7a07f338,2,Tfidf_neg
973,ddaf0438ba9b540449d86ce8bbaff525,2,Tfidf_neg
974,2061e7aa63cfb1ad987dcf7df6fb70dc,7,Transformer
975,53500299340af3882fa8ff728f9680b2,1,Tfidf_pos
976,3d3d50a1c7cdc4ed52be29291ea6f7bb,3,Tfidf_neu
977,1e054bae8e85bbe6776f6ebffc64fcf4,7,Transformer
978,4bfcefd46e910d39f284a67228c23024,2,Tfidf_neg
979,121420e8f6decab40ee33b4258c73668,7,Transformer
980,fb19225cf5ce0062833e769df6e92c78,4,Tfidf
981,3029c7af51107e7e1b649266bc9b6f9c,4,Tfidf
982,7d259fa470b2b0fe1cf7562d466aae09,1,Tfidf_pos
983,bf678c78f924c40e1ba837747f090136,4,Tfidf
984,38cf9ca68ab22360f5b7532194e4a098,3,Tfidf_neu
985,5a8b52a421a7a82bb21d1d1845ed5841,3,Tfidf_neu
986,fb8a7b797947363cd4b707563df764db,4,Tfidf
987,09406d3276bd263730a5d78dc148de8c,7,Transformer
988,43960f8fa852e90eee47182f9fb9d990,2,Tfidf_neg
989,45fd50efb24ca5f9b77a478bfae49b25,2,Tfidf_neg
990,5ae9b51efe7098884db5b5c8ab103cbb,5,Word2vec
991,b7a9d94813fb158c870544ba1a877dd5,6,Random
992,52d2daf8a73837d68e95de535db6b145,1,Tfidf_pos
993,3183ff87e9dd838d26da4097388fe85f,5,Word2vec
994,5ea0e677316cee969afb732599e004a4,7,Transformer
995,b7b2ba82fa299ddb415b0cdb90879747,1,Tfidf_pos
996,86f332b7f2b89a919d36ba1b289bf8c5,4,Tfidf
997,8deb09945ece491d0e603e0fe1fa2dd8,5,Word2vec
998,a3e80877b28896b6fcd191ba50ec3c8b,2,Tfidf_neg
999,d31f2d4cfe2c8913d81b3530ad6fd2ed,6,Random
1000,f45150b5392618ecb26ee8a8d97b28bd,3,Tfidf_neu
1001,3c182fb81dc4b93989c9be221d0297fa,6,Random
1002,6cd834c02a5f9383b88864441b938b04,1,Tfidf_pos
1003,c29d928eaa064ec6249ff3e90cbc080d,2,Tfidf_neg
1004,3aea74b6d066f1ab6e08589c4c15fc8b,6,Random
1005,9ed8554fc5cce5d01da19af4e2774c62,6,Random
1006,15687a8e8852796cf121d1a486e95c9c,5,Word2vec
1007,490fdc765c9b693d2645df5b1e765715,7,Transformer
1008,7fa8fdcda2cd1fb1ad8ed7476dedb200,2,Tfidf_neg
1009,846b9e1f3adfaa04570b8c892f3df755,3,Tfidf_neu
1010,d6cf2c8cab30af6e65df1ae0fdfa92a0,5,Word2vec
1011,6cbaa7f478579c76537d7cc60775fdd5,6,Random
1012,91b5658c408b600bdf3fff404edd4e8d,7,Transformer
1013,0f66981d3883d67a6b6857bf3a3ea3fd,6,Random
1014,4abbac25ecf7f2026de9261a7e167031,5,Word2vec
1015,a14f470024c6a8653c2bcd4b12d0e889,4,Tfidf
1016,257cbe6f3219b3b77618593397b7ea89,2,Tfidf_neg
1017,f342de1e8d2624112e45a0091694b783,5,Word2vec
1018,b530748320cb1764902b017766f7d9bb,7,Transformer
1019,13c20028fc5f608f1c65cf280eedcd9b,3,Tfidf_neu
1020,c9f88dd5cb2fe89d0252b374b86c645f,1,Tfidf_pos
1021,18b9689879d34e34111e1f1248bc80ac,2,Tfidf_neg
1022,7a1b483cb85dfe5308d716665acc429e,4,Tfidf
1023,457565d23f9531b81d50fccea6982fb2,5,Word2vec
1024,2c43e656898634ca6f0ebcbc948f2bd1,1,Tfidf_pos
1025,1377c4b9fede5a42229718d862a07592,3,Tfidf_neu
1026,7c8e57bc01f3a60b5edaa095bc72b786,1,Tfidf_pos
1027,287c277de68237ce3729761cb1d6cf12,2,Tfidf_neg
1028,e39e7aff587576442ec5f7f0d4c83ffe,4,Tfidf
1029,faae7f0b306ddad91c304983da643784,5,Word2vec
1030,dbc1ebb7c2563757ce89fce89e6bd766,3,Tfidf_neu
1031,00c756a6e02bd16b4866294e402432b7,3,Tfidf_neu
1032,5c8967e85128672edf6fa320fcad1f73,2,Tfidf_neg
1033,37ef5f7df60c86a9645005b8bd0d1b6e,7,Transformer
1034,9a0ddf1e4d65b5d2abe2ab1c23f099f9,6,Random
1035,56383c34e294269fe45f00bfb2120ff7,1,Tfidf_pos
1036,c1655546ec0be69b82126f4bd719bec3,7,Transformer
1037,5aa214a6466b36d14f34f5412c5170f2,1,Tfidf_pos
1038,0c1a92e64da0e6060036b1be4e2e6ba8,1,Tfidf_pos
1039,0796e8d6a7ff890e2c0fd72140d1327a,7,Transformer
1040,568a49282253e05806a226f66c1ce5fc,2,Tfidf_neg
1041,74ed1f3a529ba36e18b536c397b86223,6,Random
1042,9af023f2d1ba63b177ede8a4b78008fc,1,Tfidf_pos
1043,3032f2737b872ba31ce06c92710f5f6b,7,Transformer
1044,f0cd6c050380fa1acd3f862193664654,5,Word2vec
1045,eec3318277e4c09c1447b2345c732833,6,Random
1046,6780f7701ff33cf93fd96299b6a6e79d,3,Tfidf_neu
1047,e6adb7c060f8f32b06a7bc0c31b7e147,1,Tfidf_pos
1048,4e16696b80523473b3a667f0e8251239,6,Random
1049,5a67c34e58cb81676827011d11d06d2b,2,Tfidf_neg
1050,0315154f2d595f3ab0e8ffaa3ce5b2ac,6,Random
1051,ddaf39f478a35ed23b8360a3c45ab9c2,6,Random
1052,c91f4a2bc4ef2ce677f79f4e61ec1183,5,Word2vec
1053,60dfd86990421fe7da9a7d1bd82130be,3,Tfidf_neu
1054,60e042ae2987fd0c7c17b6a6fc78c908,1,Tfidf_pos
1055,303be44e2c41f1e392eb5c89c72239a0,2,Tfidf_neg
1056,31d0d3115a3cdf38538febae68541180,2,Tfidf_neg
1057,661aa721224b5e676a0dc2c3749f6cb7,4,Tfidf
1058,583624e3a8d5ce466b25bfc58cdacf9a,5,Word2vec
1059,44e3d8bef8d98e6e736f277e59c3b46a,6,Random
1060,3dca868b6e3e7ea14c11e4592a832fba,5,Word2vec
1061,60c35dbd5b7153606dd3f37a3401f8d5,7,Transformer
1062,2e1a6d9f1691061e25ec24b32b5b638a,7,Transformer
1063,d33cad6e3851927cc999896b6036ac03,6,Random
1064,4e3f63fcc6004f364d32471fbb574ed5,3,Tfidf_neu
1065,1052a81121ea9055eb91ff37aff57388,2,Tfidf_neg
1066,c3734f556fccb12b69e75c72919bedd3,2,Tfidf_neg
1067,94e1be9b3f475ac8c707492eb4ecb59a,5,Word2vec
1068,b0bbcc02b22aeef5bf676447cf0003fd,5,Word2vec
1069,b2f7e3105d328e99000bf0a9a2359341,6,Random
1070,5e1cf079f83deb074e67eddbdf213ab5,5,Word2vec
1071,45edd8ac965e241d2fbbf50f7e04e243,6,Random
1072,75e2f4a8fd255c1611a41fe367615de3,6,Random
1073,88b314b8af32ff6d0f3ecedca7dc900a,5,Word2vec
1074,ae0b692bc01faf441abababc25f46d70,2,Tfidf_neg
1075,40b842bcbb9fad1c525905c2cee66eb6,4,Tfidf
1076,7ac5e5880c8eb9c7d3592687af4d47dc,2,Tfidf_neg
1077,2d975aaeb096b77058af7ad2ceca2452,6,Random
1078,fe5eafee05896cde378ce7ac741d82af,5,Word2vec
1079,1139d4d05c3423d020b04723f36f14e8,5,Word2vec
1080,8b63a82696aac9448a6dec441e48cb67,1,Tfidf_pos
1081,effaf562ce7f0e318f7bec42d71bcea4,1,Tfidf_pos
1082,a0d042908a278cb50067fc2092bf06ed,3,Tfidf_neu
1083,b5651d9c7408f52ab5bf888e44713959,4,Tfidf
1084,2aea23aa3d0d5c8dcb905eed6e244b55,5,Word2vec
1085,e11f55872ba9d72578b593ed40dd4ca0,2,Tfidf_neg
1086,9a6570d093ad1620dc170ac8d006b2e8,7,Transformer
1087,615ce978b2a44f62c30e93d460c0d0cf,4,Tfidf
1088,3ef2a7021fa7a4cb88ab34543a1bb053,3,Tfidf_neu
1089,a593eec5c11cc40f16563bd32b43159f,1,Tfidf_pos
1090,a666dd83b22739d8d04640a3d8668cd3,3,Tfidf_neu
1091,f176f733246ac2a692628483080abb10,6,Random
1092,a4d93e7e7be4b63d7f5e98263f447dbe,6,Random
1093,7b5d9028eab1be8d63055c6faa71fe78,3,Tfidf_neu
1094,14a25b20c2104fba315f69db46cad9db,2,Tfidf_neg
1095,0ac28171c0d213c5127e1f718d756118,4,Tfidf
1096,5c4751425bf781474724cf66449dfe93,5,Word2vec
1097,b144a1866211b2e901029929891b3e1f,6,Random
1098,7836ee400b84e04807bb76715e7aa419,6,Random
1099,9ac961d55d010280d9f22b0a04848ef7,4,Tfidf
1100,2b10eafdaddf6b3be48ee6166a36808d,1,Tfidf_pos
1101,1523f286c37a1d9489d4b25d46166027,5,Word2vec
1102,d7aafe2420ff1ace5757f73cb988e663,6,Random
1103,b3040017c908947ea173eca883375258,5,Word2vec
1104,0cc3bc00ed0464df461959702253f387,7,Transformer
1105,90b15f7099f6bf2b2ba1a6b7e181efd9,6,Random
1106,c2fcff5a9f7bdb03b855f5a970b3054b,3,Tfidf_neu
1107,a91a07f3a90ffbe11a624f1f07f1898d,5,Word2vec
1108,a8e01d5716d4ac34ddfe9040fd4ec58f,7,Transformer
1109,57c0f420be9bf513f706975caa40f6c6,7,Transformer
1110,2624a407724636d509abfe3342e4afa0,7,Transformer
1111,062bf6f9a586b1ba8da2913fa95af891,4,Tfidf
1112,802008fc10c86e9d5c170789b2cf597f,6,Random
1113,f4eb1a0695d1c2f46d3c486c1cafda58,1,Tfidf_pos
1114,c6cc7ec845f29a44339fe8decbd35bfd,5,Word2vec
1115,922f2906e7b3b14e9c99c595ab58f25e,5,Word2vec
1116,a786175706c88a9cf79395afed64fc6e,2,Tfidf_neg
1117,1f654979681dc9c6742452343132ba76,2,Tfidf_neg
1118,13b85d7c7671d8ae79cdb4c3aafd683b,1,Tfidf_pos
1119,af1297b704c15561e575ab0a9105f6d8,3,Tfidf_neu
1120,ea882f9df8ed059e332ca4e87c900d68,3,Tfidf_neu
1121,d93f5fc7d9b64a3cf285716130023f3d,2,Tfidf_neg
1122,f8a262e9f3788dce3cff3314f078af0d,6,Random
1123,0464dbeee8e888d30f7a54b1464472bc,7,Transformer
1124,dcdacfdec232f2df0e574baeeee021f8,7,Transformer
1125,92853ce6127f0a5d3c5785e5a7331666,5,Word2vec
1126,1fa185a6ebc5dc95ec0a11459ac5c087,5,Word2vec
1127,6ba057a8bd6dbcdefbff4006f947ee17,5,Word2vec
1128,a57a4ce6bdf739232a205f3ee5681a6a,3,Tfidf_neu
1129,ae0dbd658d1c8082753b8db20bf42a66,4,Tfidf
1130,92b54132a593aac2ab86a25b726b7ae7,2,Tfidf_neg
1131,653dd8c55c6171937beed8133d0418ae,7,Transformer
1132,9586df1b0c072479b60af58f4cf684d1,5,Word2vec
1133,c3adf0af4ea347c6fcfb3e4d532396c4,6,Random
1134,08a7fb3cbf44fe57d1823ed895c4a5a2,6,Random
1135,bb851bb032d55bd57f5e8d1c370219bc,3,Tfidf_neu
1136,a84e4c09c52f6ddec9eec3d4f6deff51,7,Transformer
1137,0a0e6ab07e058e5105cf401c43a806f9,1,Tfidf_pos
1138,021592a5a8cd1648ad53c14031f5e32f,7,Transformer
1139,25142380f0409559d282da935ea746ec,6,Random
1140,6ed715d2f2be9af64667f0d9c38788df,6,Random
1141,94ad7bd2cc3465cbb5fe95f6532aba0e,7,Transformer
1142,872a530f57cca6f389754e4b21d48e51,5,Word2vec
1143,aeb3f9fd4970153f8850687698b7a325,4,Tfidf
1144,59a4167ab8ab1ffc578c941f9ef77896,3,Tfidf_neu
1145,83f35f0f7d30a1eef9bb0c9349cfdd2a,7,Transformer
1146,3fc2d53daf6fc0564b8a551f8b7c9cbe,5,Word2vec
1147,2c3aba3477b90f76899fbb404feda19f,2,Tfidf_neg
1148,2c609ea233277d7d497a030f3423e332,7,Transformer
1149,790e008cff9630c46796cdbb6abf8b70,6,Random
1150,621e95e61708d99fb63d227b2364e88e,6,Random
1151,e2e9e52a04611717d926e4769deb25a8,4,Tfidf
1152,e494c88bc5c23f116720370b5152e4e9,2,Tfidf_neg
1153,e3c8283839b9dd16d4eeb3ccb5ff7ca8,3,Tfidf_neu
1154,0490db582632eb92b396123d198f9826,5,Word2vec
1155,9c5243888306aff884be1db3c3ef9ac9,3,Tfidf_neu
1156,fb703d164e3e04aa8adfa10434a9f845,5,Word2vec
1157,5e4e5bfb26e7445c6de7faf5c219a027,5,Word2vec
1158,90bcc48c5ad5f7b6acf7847b609427e7,3,Tfidf_neu
1159,de690faad84b6c1604b124a7d7a185af,4,Tfidf
1160,1802545d06d6d2edfb1dd11530c1553e,1,Tfidf_pos
1161,de84cd26eeb19c3c96367b17df98c68e,3,Tfidf_neu
1162,4f42e21632ccb7014bf4bfca2f145f54,4,Tfidf
1163,711477be82166c19250480dbcbd86788,4,Tfidf
1164,741b6f5a9aa6b7a563efe623c71a68db,1,Tfidf_pos
1165,e1e78076522b46b7a821be289dfe66c5,6,Random
1166,9311a3ec205ee1484f33d4b7891a977d,7,Transformer
1167,a6a0a06775989cdaaf2b82ef5f118859,5,Word2vec
1168,69df27f943a5507c00a0f386ce08adaf,3,Tfidf_neu
1169,06baaadf06acb3c71d9383cc2aef687a,2,Tfidf_neg
1170,7c48768602887558b4344b484e5ba593,1,Tfidf_pos
1171,10780ceee5f4ae33d4a7ef659423241e,1,Tfidf_pos
1172,29a15397b906f98b2f8443725c9259e2,2,Tfidf_neg
1173,5712623d0d601a866e7d0a739937a9e4,1,Tfidf_pos
1174,a0a7c86b5ca22b2dc834c10980f15477,4,Tfidf
1175,3189fc8322a8ed37a3f5ae823bf2215c,1,Tfidf_pos
1176,628d7e8a14a0db84316cf0ed16ef888d,5,Word2vec
1177,9b9c6fa16c5db83f573a878edd112e08,2,Tfidf_neg
1178,04adfbf7ffe27e059bfa328adb14c6eb,5,Word2vec
1179,09eb81e1453455409cb432438b9ab71b,4,Tfidf
1180,02d7d9115847e9bb15029c4e956038fa,6,Random
1181,d4b341fb6580e0c646df6c495ece8dc6,1,Tfidf_pos
1182,12f36aef4f899bc2fa3e14e2b5b58f83,4,Tfidf
1183,6017fa5619ffa424e2d43f5c676a18f3,7,Transformer
1184,1a3184d5e0c1a3ca6f48dde4e19fef23,7,Transformer
1185,171069c021019082a42dca15d90ab1a9,4,Tfidf
1186,72f3aadf7308c1a719e173a344e7550f,5,Word2vec
1187,5b7502b7a548e028b7dfe613d2422b33,5,Word2vec
1188,0129f7822dae645df7a3f4b15fddf35b,3,Tfidf_neu
1189,eeacbcaf4eaadc1ac950b1a96ef1d9ae,4,Tfidf
1190,7e763931a244b09c6c8d359b2fcc5f5d,2,Tfidf_neg
1191,a309df55389cf383f6312f7c96aa758c,2,Tfidf_neg
1192,6a6f6322a13f625ae3e4bf664234fdf2,5,Word2vec
1193,aef0513052ceb70ae2c9b786c08649df,4,Tfidf
1194,b66c764c6732e681ad5e5fb38f1d4d62,1,Tfidf_pos
1195,2fe49f6641590297cb185a3a9ecb1bb5,6,Random
1196,40b622c7624a948055490796a5facf8a,7,Transformer
1197,5c95ab2583f721444520633a0e16826c,2,Tfidf_neg
1198,3cb0a47f96697f052ec0bbca322d61d1,4,Tfidf
1199,ddbd367ead07efd75b5b17a154f90a71,6,Random
1200,1b874077998143d3705a019b5f2db5a6,3,Tfidf_neu
1201,7deee4c6cbb42c266976358614625d52,4,Tfidf
1202,1be5105e951f69641ea1b1d22322b6cd,7,Transformer
1203,305ed373a3a4278a7434d9e786a42edf,2,Tfidf_neg
1204,747e3d282701315630bbdfa79516d449,3,Tfidf_neu
1205,3ff5014c20b8c15dcae995c6c63382f9,4,Tfidf
1206,0153959e2f73d9ac79591b22cbac7d0e,2,Tfidf_neg
1207,80733e32ae2cc4a1101362e5dc1c5f8a,3,Tfidf_neu
1208,951672610218745a50a8eeee94a6124f,3,Tfidf_neu
1209,0395d140f8602aea7dcaa3a0420ff6d6,1,Tfidf_pos
1210,17247877fe8d02bb6ae9fe800db4e234,3,Tfidf_neu
1211,96e99b583f9941052e938a2b4e28bf22,7,Transformer
1212,c1430fefe0ab0ad503af61ff84561095,1,Tfidf_pos
1213,152d9f9ba91df3284c029949164711f4,3,Tfidf_neu
1214,1e5d1e2f2ebe71bdca71f762a9917f20,6,Random
1215,b339fd523c1797e48f0a7c6605475d66,4,Tfidf
1216,34055e7346e5e7c5ebaf49de8e9d81f0,6,Random
1217,1e7654febe31d5666a26b0d5e6b6cf7f,2,Tfidf_neg
1218,6c4fa54f40d635b9ed17c36eddd89137,7,Transformer
1219,31bb109ee4a9d39398e54218dacabe69,3,Tfidf_neu
1220,2fe04cc6eef4cc0d28a33d679f2139ca,3,Tfidf_neu
1221,cb40865329c34d12923969c2b3e9e1c8,5,Word2vec
1222,4ca0b714ffec92991cee90933b49f8c0,1,Tfidf_pos
1223,fa3ff0b0a4eba03200b95ebc8f0a602d,7,Transformer
1224,c405aab2603236d173d01c7c63844c63,3,Tfidf_neu
1225,ed0d70c7ec66c215201594ebc187e014,7,Transformer
1226,50953f10c6dd1de3d3e72c17cb1990f0,6,Random
1227,8048e24e97aad0e9eb6f4c7bcd36f488,5,Word2vec
1228,ce94d220aaa59d5b32b5b61bef81ab82,4,Tfidf
1229,e74ecb184320d1732b2c04dc3099a902,4,Tfidf
1230,85bb2b74d5fea9e00ddd19b7639cbf91,1,Tfidf_pos
1231,ca327d280e7eda38bf974671d9c4c011,5,Word2vec
1232,e29aebfde66a18b121fd9f3ff5b41e80,6,Random
1233,04812dbf1bb104707cfa61883dbc2e65,3,Tfidf_neu
1234,8a545612866a19df9e7801d3ff2c68a9,1,Tfidf_pos
1235,bc5fc6ee289397cb6fa5bdfb37140a86,2,Tfidf_neg
1236,d2100b03884b2cbe7c993390c7e357f5,6,Random
1237,1d8b667a92749ad86c7c1fe5bf45fbd9,5,Word2vec
1238,4ef7c98c720c81ba44dcde1f21625fe1,1,Tfidf_pos
1239,ca982f9f5d9bdec22c106b96709f14be,7,Transformer
1240,f90b4aace71d4928538efabb3689161f,2,Tfidf_neg
1241,3e79877d9482ffa98670284b8097fd67,5,Word2vec
1242,f7a0b84305a5fc007a82593a6bfb7286,5,Word2vec
1243,cf5600da5f59e7b87b5184c0084c6a6d,6,Random
1244,a5db80a0f94e6ddbbe4ae96673647102,1,Tfidf_pos
1245,86e031bce70534b15009f9971314d028,3,Tfidf_neu
1246,a33ce161c1ff5ba85e5c21a41c0374b2,5,Word2vec
1247,c0eae62f9b057fc73f1cc4057ecbd63e,3,Tfidf_neu
1248,45941231093cb21006f4fc5071f0110c,5,Word2vec
1249,beb5fb6a8d623afd8f382b79b0741f51,3,Tfidf_neu
1250,1d6aa619e39f6132b6450554974d9693,1,Tfidf_pos
1251,072c3e650d2645c9d98882fba1d63c7d,2,Tfidf_neg
1252,b87e4d91d3c6154af7dda78a5e8d1d5b,7,Transformer
1253,8b920fe5ef75334c609a80f8a7266050,4,Tfidf
1254,2795b992b9b6097c2b7b8664880ebdbc,4,Tfidf
1255,12f11880efef747111d1a7e071127f69,2,Tfidf_neg
1256,43a1fd9a4c17763d5c9808f2550a4cac,1,Tfidf_pos
1257,2591fac8202c8a6f59efbc43f1228283,2,Tfidf_neg
1258,cb7dff07aa95bdf611c963bc299e8b66,7,Transformer
1259,712207b5a03d4f401e4705ebbc11db3f,3,Tfidf_neu
1260,166656efecf476b944c5e14362ab6138,6,Random
1261,fc2113f86e069e8f9193ae990ddc6457,4,Tfidf
1262,60d121f03f02d9e9bc2ea53ba4508d9b,5,Word2vec
1263,21d735aaff55f1bb26e6a1620c33c2a4,4,Tfidf
1264,f5177f1125183746b6c31f068ede38c1,1,Tfidf_pos
1265,d2e4a031d8e7896e91e3c0f705bc1345,3,Tfidf_neu
1266,ada838b95b9c35f0d7d7db75a2ef4d54,2,Tfidf_neg
1267,9f0f92ad4bf895bfa6b0feda142a0d3a,6,Random
1268,fc70d252712051e5d07c3f693144cb8f,3,Tfidf_neu
1269,c2b3a2032d9d93d5679ad35fb9376fdf,1,Tfidf_pos
1270,dafb05f9ccd035b2fbe770ed9e469a66,3,Tfidf_neu
1271,6fecb40303e8a22abdfa868bec34bd8b,5,Word2vec
1272,623faffa5934ccd75c227441c0dad92d,1,Tfidf_pos
1273,1851971980e28aff9a6835f29d03d20d,1,Tfidf_pos
1274,0e8a99223fa48d3e7240a4f37788e6b8,5,Word2vec
1275,3b039d162514c57aaf3baa858314d1a1,6,Random
1276,4c923e21ad1965f913529c8a0200f715,2,Tfidf_neg
1277,e5c97af9734c69cbcc9d18df700f9d1a,2,Tfidf_neg
1278,a4e2929ccccceb12b2318c5053c40654,2,Tfidf_neg
1279,ba9a9c8dd5f2f38c6d56973f5cee92de,7,Transformer
1280,e4a9e23718a6e096068d0c3db3ce3545,7,Transformer
1281,17f9380797d41b34f0935bd6c47fb9f3,5,Word2vec
1282,0999a8592a02258d69a0ad44a505a70c,6,Random
1283,d74d83f508852f69392a906a079b4671,3,Tfidf_neu
1284,43e748065cf91c1c44135b118f1622be,2,Tfidf_neg
1285,e6e008e465fe9c8931039b2ff504f677,4,Tfidf
1286,274b427bae976e73add8f10cf523df83,2,Tfidf_neg
1287,23237dfa4d250758aa4b66f5d710ed5a,5,Word2vec
1288,2901fc29c25f873b4a1199e372856cc8,6,Random
1289,d96e0e31ddd1ecbfd20154ff38111c29,2,Tfidf_neg
1290,17a5a2b72d8041b6dd2a33327894d3ab,7,Transformer
1291,d7b7049df3f8370be1526b9404777473,6,Random
1292,b22e4a075571dff756148f6c64944ae3,6,Random
1293,0c473ba46717d67920b8c7d09becd750,1,Tfidf_pos
1294,13aad50ec672f34080e8a214e84031c2,2,Tfidf_neg
1295,4f706ec55f07dc99a73fa674ba062c6a,4,Tfidf
1296,05dc1db75f5fabd0224113411155249c,3,Tfidf_neu
1297,6ba78476e624925cdbd35ac6167f3b31,6,Random
1298,4e8e7032fa3b40e4c9339af4c6c6eb39,6,Random
1299,8d642b5c967c330bb33d5fc519bdda2d,1,Tfidf_pos
1300,8597981836e8d6d81bf3df4795679e58,1,Tfidf_pos
1301,6de64dd2c03f5c0e79c0bcb015b5fa7f,5,Word2vec
1302,790297c6e1544a2229838259bfbe418f,7,Transformer
1303,4403f83de6d4d272b9b41a08c732667a,1,Tfidf_pos
1304,fcd3c5c402fa1a4e6d11742daf129c91,3,Tfidf_neu
1305,d7228d8629407bac9ed7d3cd9f12543c,3,Tfidf_neu
1306,d41579833a1f991663f4261add885118,4,Tfidf
1307,26c9b78762dfed4c5b39e4fb993de686,7,Transformer
1308,837f602bdbd0156d787665b79785fde1,2,Tfidf_neg
1309,03cd7045276c12e1a57c590e3afd540d,5,Word2vec
1310,4e12349d569017ab59aae9f182b3ca8c,4,Tfidf
1311,5977948362c80269e0c3edf786acb6de,5,Word2vec
1312,c56bf824219acfc7e6c8b2f0cc58fcb9,6,Random
1313,eb12cbb7401989269b43af3d2d1a4c1c,4,Tfidf
1314,06dd91e95d1913ea7052d6f1c4aab292,1,Tfidf_pos
1315,994b41c693284eade1d38a6a8fdeda76,4,Tfidf
1316,790453302faf9212533c3850e3f0952a,7,Transformer
1317,f921da8b82a75ed20fc8acdadf552087,1,Tfidf_pos
1318,0a59e6d5d40b311b60a4d2749242ea2b,6,Random
1319,65c5d576bc7efa47b947759b4f926eb2,6,Random
1320,95b3be2259084de02545caa3a7e39e33,1,Tfidf_pos
1321,cd56b55c0b362b905f9bbfc558c80dfc,3,Tfidf_neu
1322,c92471c8d9748c765da6f23c482aa247,5,Word2vec
1323,7d67616cfe99da2c0a98b2cc08aa09e5,5,Word2vec
1324,067ae39cfdddae053bda1dd4390c75f5,3,Tfidf_neu
1325,b64a9931bfe23a38ee9501e411494004,7,Transformer
1326,0369dcd5f18b29e91d021d3b1459b2f9,5,Word2vec
1327,92e59dba41d0c9bdb29c5bc23ed48a4d,5,Word2vec
1328,56fe47202e1bd92e66b7933ab0571187,7,Transformer
1329,7ab243ab95075d0c7bbf6c4393f43728,1,Tfidf_pos
1330,ca5efa73ff51073b48c27ab945607b22,6,Random
1331,1fc69a0fa417931c62495ac2444391bc,6,Random
1332,5d96a6236e222d1efd03b6e99ac8b357,6,Random
1333,a9c923f0412a99681aea3b175713f871,4,Tfidf
1334,82a2485572692f9d56f59025092cb38c,4,Tfidf
1335,9a45d1fc77c00312965164055366a206,4,Tfidf
1336,8a38ebd17d8b2df933ce1604b8b3345b,5,Word2vec
1337,9b6c1f8b224aaa712608a73ea2a0f2fb,2,Tfidf_neg
1338,11c197ae7cad8ff5f8864aa06d7fdcaf,2,Tfidf_neg
1339,83edb0730db1983168a3e8e6e82dd790,7,Transformer
1340,2fb4e301e8dab93b76e9813162c86af5,3,Tfidf_neu
1341,5d5d76c65715e353ea546ca600f6beb7,4,Tfidf
1342,ff8bccd481355f486e546545e1de96e9,7,Transformer
1343,bec45781fa8cceadb27d43e9606ec38f,2,Tfidf_neg
1344,1f313b6b23ab9b8e541275a3e9cdc5de,6,Random
1345,d854f31aa876dd474c3a68462e06c43e,5,Word2vec
1346,1e647fa285e9ff1ecb30ef2f415071f3,6,Random
1347,67a88ce6f8eaf9f29e996f768b1121cf,5,Word2vec
1348,a56d171b2eb2c4ed7e46453507665bd1,3,Tfidf_neu
1349,1418087c1784d2ff5275915bc94a20a6,7,Transformer
1350,644b06089ec6383e5668c1db691357d5,2,Tfidf_neg
1351,f03d958483f65139928d2e6b992fd162,7,Transformer
1352,fb6a998d721a5662affc3290e10d10f5,3,Tfidf_neu
1353,3a40bc6fec48dfd91411e4051d7ddc5f,3,Tfidf_neu
1354,042faf880d24b5106716741927cb420e,6,Random
1355,19a662f88ecc92790da61a6986e133f8,3,Tfidf_neu
1356,414e066ebaef6dc42ba4c1cea36c23ed,7,Transformer
1357,bdbbb2cbe3e51408dcb0cc0697338616,3,Tfidf_neu
1358,d663372ff65a6e1925baca8a05cd4df3,5,Word2vec
1359,c2ebb0408af27e88f450e385bdcd049d,5,Word2vec
1360,159f3bb022c670316d02a3396b529586,1,Tfidf_pos
1361,cfd11c011e7ad5145b2570752606e799,5,Word2vec
1362,bbd23951913a7eaf099e6786aedb1b65,1,Tfidf_pos
1363,e404bd57287c8cfd72b7a5592710a3b3,6,Random
1364,90d50e5c3f632424283e24dfd567b6a0,6,Random
1365,85046f55a469cd92a6823ce58f21f212,6,Random
1366,1fcfa7001ff4c9a6ba76aefb1dea31da,4,Tfidf
1367,fe34d10aee296b205088d4243636b0aa,7,Transformer
1368,b4928a074d60328f2347d0d0557a2c8c,1,Tfidf_pos
1369,5705297bb8318c5b2f77ef308af5e1cb,2,Tfidf_neg
1370,6f9f63793f4f0b2212515da9e42a3bf8,2,Tfidf_neg
1371,6b6e761314d6d65320e5b92f096a6623,6,Random
1372,52b8be7b6da4d1ad00bbb57a7bafa11c,3,Tfidf_neu
1373,ae6bb7faa03857130ae7f0c261729966,4,Tfidf
1374,816b32484f68b7f623d894960e11388d,1,Tfidf_pos
1375,7b3d33a865877413e773766e199a2eba,6,Random
1376,64b3184a29f1aa757e99d7d707cb8700,5,Word2vec
1377,9eb0ae095007c26592696208401f940f,7,Transformer
1378,3e21b38551eb79ced1a81cd2f7f42482,3,Tfidf_neu
1379,d62a6a3ec1f8e1a9385b58db75174e75,2,Tfidf_neg
1380,a45175eaef4e8cf0d947b7c73ef52ac1,7,Transformer
1381,98d43a8dd0742daf705d366d4b0c26cd,5,Word2vec
1382,d71cda963e05c82157330493af36725c,1,Tfidf_pos
1383,5e2a89fbdb982ab73b2a12b9c93f79c2,7,Transformer
1384,6e94f3677c6b9e45ed5cd27f54350974,4,Tfidf
1385,a0946ba87bf22e5c245108a5e3eecad2,6,Random
1386,c8d84680ca2cd88978e26eb6d2c515f5,4,Tfidf
1387,32d933e463ccf4acb3ba19061b414ee8,2,Tfidf_neg
1388,09f3a53d8e310fe20f4068a568ae74f8,6,Random
1389,3eecd8d0dea3db7a42d9aeb6b5a0bb4d,5,Word2vec
1390,1a18f4a661c0f60ad69b1ccc2c5be687,6,Random
1391,d8f7d78a64571265dfb445c7c3507c92,7,Transformer
1392,e03f61329b3929cd4fd0b7b70a5b46c6,4,Tfidf
1393,4cd4ae81c2009ca766ba4617d63604f5,6,Random
1394,40c924ee80ad01121afd7b22183b6a87,4,Tfidf
1395,066273a682efc3592ca2da238edac963,3,Tfidf_neu
1396,db2d1611853dc5feee564e7a0ad850f8,5,Word2vec
1397,a4e8223b903c3f94723b663ac96d1321,7,Transformer
1398,d35c64da4ab31fc35954b5453a2cafdc,5,Word2vec
1399,b33fad6a2b212eff8a626a0efa5dd185,6,Random
1400,7b35a930f27f29efaa1eec4f4b6e3896,7,Transformer
1401,e5d8ce4b345c731bafd65e137228087a,1,Tfidf_pos
1402,94ad398e8c6fadc1f85c68e209717f6a,6,Random
1403,2373dc6978f154676542c2cc93d9321e,4,Tfidf
1404,18faeeb4e968ee7b219c7f55fc2b3e8e,3,Tfidf_neu
1405,ec929b2778ee5488916260b2ac30436c,5,Word2vec
1406,fa6fd166070527b12eb2db630fe95d8b,7,Transformer
1407,dcac766f5ae0f955e350946592190788,5,Word2vec
1408,c05e50e89fe539a6dc361903216d62d9,2,Tfidf_neg
1409,bce278a060797ad9f16138e4d502b34a,5,Word2vec
1410,885919a57d0da1ea2bf89d823d01db0d,4,Tfidf
1411,cc7dc8ed30c77b22cb808f8e139e47e5,4,Tfidf
1412,5d735ae00dde3a658ec5e6bfbd2fc982,7,Transformer
1413,7e48bf18b8d287c31154da12db238887,6,Random
1414,e2b361fc80d4e928edc8c93850181657,2,Tfidf_neg
1415,e1a63607038265f10e5041b373f3dec0,2,Tfidf_neg
1416,90e88d74e88b0f57aebf62fb07c1dc87,3,Tfidf_neu
